utc_time;ESP
2011-01-01T00:00:00Z;7.953
2011-01-01T01:00:00Z;7.801
2011-01-01T02:00:00Z;7.654
2011-01-01T03:00:00Z;7.514
2011-01-01T04:00:00Z;7.402
2011-01-01T05:00:00Z;7.305
2011-01-01T06:00:00Z;7.2
2011-01-01T07:00:00Z;7.135
2011-01-01T08:00:00Z;7.924
2011-01-01T09:00:00Z;9.056
2011-01-01T10:00:00Z;10.363
2011-01-01T11:00:00Z;11.629
2011-01-01T12:00:00Z;12.456
2011-01-01T13:00:00Z;12.854
2011-01-01T14:00:00Z;12.845
2011-01-01T15:00:00Z;12.229
2011-01-01T16:00:00Z;10.6
2011-01-01T17:00:00Z;9.485
2011-01-01T18:00:00Z;8.964
2011-01-01T19:00:00Z;8.495
2011-01-01T20:00:00Z;8.073
2011-01-01T21:00:00Z;7.761
2011-01-01T22:00:00Z;7.514
2011-01-01T23:00:00Z;7.259
2011-01-02T00:00:00Z;7.004
2011-01-02T01:00:00Z;6.839
2011-01-02T02:00:00Z;6.679
2011-01-02T03:00:00Z;6.533
2011-01-02T04:00:00Z;6.395
2011-01-02T05:00:00Z;6.312
2011-01-02T06:00:00Z;6.287
2011-01-02T07:00:00Z;6.264
2011-01-02T08:00:00Z;7.246
2011-01-02T09:00:00Z;8.435
2011-01-02T10:00:00Z;9.859
2011-01-02T11:00:00Z;11.2
2011-01-02T12:00:00Z;12.045
2011-01-02T13:00:00Z;12.422
2011-01-02T14:00:00Z;12.388
2011-01-02T15:00:00Z;11.639
2011-01-02T16:00:00Z;9.625
2011-01-02T17:00:00Z;8.272
2011-01-02T18:00:00Z;7.656
2011-01-02T19:00:00Z;7.061
2011-01-02T20:00:00Z;6.473
2011-01-02T21:00:00Z;5.969
2011-01-02T22:00:00Z;5.539
2011-01-02T23:00:00Z;5.267
2011-01-03T00:00:00Z;4.951
2011-01-03T01:00:00Z;4.636
2011-01-03T02:00:00Z;4.379
2011-01-03T03:00:00Z;4.151
2011-01-03T04:00:00Z;3.891
2011-01-03T05:00:00Z;3.656
2011-01-03T06:00:00Z;3.426
2011-01-03T07:00:00Z;3.367
2011-01-03T08:00:00Z;4.598
2011-01-03T09:00:00Z;6.132
2011-01-03T10:00:00Z;7.706
2011-01-03T11:00:00Z;9.065
2011-01-03T12:00:00Z;10.066
2011-01-03T13:00:00Z;10.606
2011-01-03T14:00:00Z;10.636
2011-01-03T15:00:00Z;9.927
2011-01-03T16:00:00Z;7.988
2011-01-03T17:00:00Z;6.93
2011-01-03T18:00:00Z;6.58
2011-01-03T19:00:00Z;6.341
2011-01-03T20:00:00Z;6.133
2011-01-03T21:00:00Z;5.932
2011-01-03T22:00:00Z;5.761
2011-01-03T23:00:00Z;5.589
2011-01-04T00:00:00Z;5.335
2011-01-04T01:00:00Z;5.127
2011-01-04T02:00:00Z;5.054
2011-01-04T03:00:00Z;5.026
2011-01-04T04:00:00Z;4.953
2011-01-04T05:00:00Z;4.855
2011-01-04T06:00:00Z;4.794
2011-01-04T07:00:00Z;4.809
2011-01-04T08:00:00Z;5.824
2011-01-04T09:00:00Z;7.165
2011-01-04T10:00:00Z;8.619
2011-01-04T11:00:00Z;9.895
2011-01-04T12:00:00Z;10.764
2011-01-04T13:00:00Z;11.273
2011-01-04T14:00:00Z;11.333
2011-01-04T15:00:00Z;10.806
2011-01-04T16:00:00Z;9.449
2011-01-04T17:00:00Z;8.617
2011-01-04T18:00:00Z;8.318
2011-01-04T19:00:00Z;8.06
2011-01-04T20:00:00Z;7.882
2011-01-04T21:00:00Z;7.734
2011-01-04T22:00:00Z;7.558
2011-01-04T23:00:00Z;7.407
2011-01-05T00:00:00Z;7.217
2011-01-05T01:00:00Z;7.048
2011-01-05T02:00:00Z;6.951
2011-01-05T03:00:00Z;6.887
2011-01-05T04:00:00Z;6.839
2011-01-05T05:00:00Z;6.772
2011-01-05T06:00:00Z;6.724
2011-01-05T07:00:00Z;6.759
2011-01-05T08:00:00Z;7.825
2011-01-05T09:00:00Z;9.114
2011-01-05T10:00:00Z;10.468
2011-01-05T11:00:00Z;11.715
2011-01-05T12:00:00Z;12.499
2011-01-05T13:00:00Z;12.77
2011-01-05T14:00:00Z;12.7
2011-01-05T15:00:00Z;12.244
2011-01-05T16:00:00Z;11.033
2011-01-05T17:00:00Z;10.275
2011-01-05T18:00:00Z;10.09
2011-01-05T19:00:00Z;9.945
2011-01-05T20:00:00Z;9.824
2011-01-05T21:00:00Z;9.725
2011-01-05T22:00:00Z;9.625
2011-01-05T23:00:00Z;9.561
2011-01-06T00:00:00Z;9.541
2011-01-06T01:00:00Z;9.572
2011-01-06T02:00:00Z;9.587
2011-01-06T03:00:00Z;9.627
2011-01-06T04:00:00Z;9.685
2011-01-06T05:00:00Z;9.743
2011-01-06T06:00:00Z;9.804
2011-01-06T07:00:00Z;9.95
2011-01-06T08:00:00Z;10.88
2011-01-06T09:00:00Z;12.007
2011-01-06T10:00:00Z;13.217
2011-01-06T11:00:00Z;14.338
2011-01-06T12:00:00Z;15.127
2011-01-06T13:00:00Z;15.5
2011-01-06T14:00:00Z;15.4
2011-01-06T15:00:00Z;14.661
2011-01-06T16:00:00Z;13.155
2011-01-06T17:00:00Z;12.206
2011-01-06T18:00:00Z;11.795
2011-01-06T19:00:00Z;11.547
2011-01-06T20:00:00Z;11.39
2011-01-06T21:00:00Z;11.244
2011-01-06T22:00:00Z;11.099
2011-01-06T23:00:00Z;10.955
2011-01-07T00:00:00Z;10.828
2011-01-07T01:00:00Z;10.731
2011-01-07T02:00:00Z;10.606
2011-01-07T03:00:00Z;10.441
2011-01-07T04:00:00Z;10.231
2011-01-07T05:00:00Z;10.057
2011-01-07T06:00:00Z;9.936
2011-01-07T07:00:00Z;9.919
2011-01-07T08:00:00Z;10.703
2011-01-07T09:00:00Z;11.794
2011-01-07T10:00:00Z;12.751
2011-01-07T11:00:00Z;13.455
2011-01-07T12:00:00Z;13.795
2011-01-07T13:00:00Z;13.867
2011-01-07T14:00:00Z;13.664
2011-01-07T15:00:00Z;13.044
2011-01-07T16:00:00Z;11.779
2011-01-07T17:00:00Z;10.938
2011-01-07T18:00:00Z;10.532
2011-01-07T19:00:00Z;10.246
2011-01-07T20:00:00Z;10.051
2011-01-07T21:00:00Z;9.838
2011-01-07T22:00:00Z;9.639
2011-01-07T23:00:00Z;9.475
2011-01-08T00:00:00Z;9.318
2011-01-08T01:00:00Z;9.171
2011-01-08T02:00:00Z;9.0
2011-01-08T03:00:00Z;8.835
2011-01-08T04:00:00Z;8.794
2011-01-08T05:00:00Z;8.8
2011-01-08T06:00:00Z;8.76
2011-01-08T07:00:00Z;8.848
2011-01-08T08:00:00Z;9.879
2011-01-08T09:00:00Z;11.097
2011-01-08T10:00:00Z;12.329
2011-01-08T11:00:00Z;13.342
2011-01-08T12:00:00Z;14.07
2011-01-08T13:00:00Z;14.38
2011-01-08T14:00:00Z;14.228
2011-01-08T15:00:00Z;13.389
2011-01-08T16:00:00Z;11.675
2011-01-08T17:00:00Z;10.714
2011-01-08T18:00:00Z;10.324
2011-01-08T19:00:00Z;9.983
2011-01-08T20:00:00Z;9.71
2011-01-08T21:00:00Z;9.477
2011-01-08T22:00:00Z;9.244
2011-01-08T23:00:00Z;9.083
2011-01-09T00:00:00Z;8.932
2011-01-09T01:00:00Z;8.763
2011-01-09T02:00:00Z;8.564
2011-01-09T03:00:00Z;8.386
2011-01-09T04:00:00Z;8.225
2011-01-09T05:00:00Z;8.123
2011-01-09T06:00:00Z;7.992
2011-01-09T07:00:00Z;7.931
2011-01-09T08:00:00Z;8.656
2011-01-09T09:00:00Z;9.582
2011-01-09T10:00:00Z;10.501
2011-01-09T11:00:00Z;11.292
2011-01-09T12:00:00Z;11.86
2011-01-09T13:00:00Z;12.089
2011-01-09T14:00:00Z;12.021
2011-01-09T15:00:00Z;11.432
2011-01-09T16:00:00Z;9.879
2011-01-09T17:00:00Z;8.791
2011-01-09T18:00:00Z;8.366
2011-01-09T19:00:00Z;8.017
2011-01-09T20:00:00Z;7.668
2011-01-09T21:00:00Z;7.38
2011-01-09T22:00:00Z;7.139
2011-01-09T23:00:00Z;6.882
2011-01-10T00:00:00Z;6.668
2011-01-10T01:00:00Z;6.492
2011-01-10T02:00:00Z;6.333
2011-01-10T03:00:00Z;6.171
2011-01-10T04:00:00Z;5.999
2011-01-10T05:00:00Z;5.834
2011-01-10T06:00:00Z;5.684
2011-01-10T07:00:00Z;5.618
2011-01-10T08:00:00Z;6.646
2011-01-10T09:00:00Z;7.92
2011-01-10T10:00:00Z;9.276
2011-01-10T11:00:00Z;10.431
2011-01-10T12:00:00Z;11.244
2011-01-10T13:00:00Z;11.671
2011-01-10T14:00:00Z;11.661
2011-01-10T15:00:00Z;11.096
2011-01-10T16:00:00Z;9.365
2011-01-10T17:00:00Z;8.139
2011-01-10T18:00:00Z;7.777
2011-01-10T19:00:00Z;7.545
2011-01-10T20:00:00Z;7.369
2011-01-10T21:00:00Z;7.206
2011-01-10T22:00:00Z;7.111
2011-01-10T23:00:00Z;7.17
2011-01-11T00:00:00Z;7.258
2011-01-11T01:00:00Z;7.339
2011-01-11T02:00:00Z;7.407
2011-01-11T03:00:00Z;7.468
2011-01-11T04:00:00Z;7.517
2011-01-11T05:00:00Z;7.624
2011-01-11T06:00:00Z;7.729
2011-01-11T07:00:00Z;7.895
2011-01-11T08:00:00Z;9.224
2011-01-11T09:00:00Z;10.799
2011-01-11T10:00:00Z;12.28
2011-01-11T11:00:00Z;13.398
2011-01-11T12:00:00Z;14.067
2011-01-11T13:00:00Z;14.316
2011-01-11T14:00:00Z;14.25
2011-01-11T15:00:00Z;13.713
2011-01-11T16:00:00Z;12.054
2011-01-11T17:00:00Z;10.565
2011-01-11T18:00:00Z;9.953
2011-01-11T19:00:00Z;9.448
2011-01-11T20:00:00Z;9.034
2011-01-11T21:00:00Z;8.761
2011-01-11T22:00:00Z;8.593
2011-01-11T23:00:00Z;8.373
2011-01-12T00:00:00Z;8.145
2011-01-12T01:00:00Z;7.988
2011-01-12T02:00:00Z;7.853
2011-01-12T03:00:00Z;7.716
2011-01-12T04:00:00Z;7.655
2011-01-12T05:00:00Z;7.549
2011-01-12T06:00:00Z;7.444
2011-01-12T07:00:00Z;7.485
2011-01-12T08:00:00Z;8.645
2011-01-12T09:00:00Z;10.145
2011-01-12T10:00:00Z;11.819
2011-01-12T11:00:00Z;13.466
2011-01-12T12:00:00Z;14.7
2011-01-12T13:00:00Z;15.417
2011-01-12T14:00:00Z;15.55
2011-01-12T15:00:00Z;14.869
2011-01-12T16:00:00Z;12.82
2011-01-12T17:00:00Z;11.261
2011-01-12T18:00:00Z;10.554
2011-01-12T19:00:00Z;9.946
2011-01-12T20:00:00Z;9.4
2011-01-12T21:00:00Z;8.959
2011-01-12T22:00:00Z;8.602
2011-01-12T23:00:00Z;8.282
2011-01-13T00:00:00Z;7.979
2011-01-13T01:00:00Z;7.708
2011-01-13T02:00:00Z;7.49
2011-01-13T03:00:00Z;7.312
2011-01-13T04:00:00Z;7.149
2011-01-13T05:00:00Z;7.081
2011-01-13T06:00:00Z;7.072
2011-01-13T07:00:00Z;7.216
2011-01-13T08:00:00Z;8.849
2011-01-13T09:00:00Z;10.705
2011-01-13T10:00:00Z;12.434
2011-01-13T11:00:00Z;14.059
2011-01-13T12:00:00Z;15.161
2011-01-13T13:00:00Z;15.714
2011-01-13T14:00:00Z;15.748
2011-01-13T15:00:00Z;14.932
2011-01-13T16:00:00Z;12.793
2011-01-13T17:00:00Z;11.455
2011-01-13T18:00:00Z;10.849
2011-01-13T19:00:00Z;10.291
2011-01-13T20:00:00Z;9.773
2011-01-13T21:00:00Z;9.354
2011-01-13T22:00:00Z;9.013
2011-01-13T23:00:00Z;8.662
2011-01-14T00:00:00Z;8.383
2011-01-14T01:00:00Z;8.162
2011-01-14T02:00:00Z;8.007
2011-01-14T03:00:00Z;7.879
2011-01-14T04:00:00Z;7.744
2011-01-14T05:00:00Z;7.644
2011-01-14T06:00:00Z;7.566
2011-01-14T07:00:00Z;7.607
2011-01-14T08:00:00Z;9.02
2011-01-14T09:00:00Z;10.914
2011-01-14T10:00:00Z;12.67
2011-01-14T11:00:00Z;14.333
2011-01-14T12:00:00Z;15.363
2011-01-14T13:00:00Z;15.849
2011-01-14T14:00:00Z;15.813
2011-01-14T15:00:00Z;14.889
2011-01-14T16:00:00Z;12.567
2011-01-14T17:00:00Z;11.134
2011-01-14T18:00:00Z;10.505
2011-01-14T19:00:00Z;9.991
2011-01-14T20:00:00Z;9.464
2011-01-14T21:00:00Z;8.936
2011-01-14T22:00:00Z;8.496
2011-01-14T23:00:00Z;8.034
2011-01-15T00:00:00Z;7.608
2011-01-15T01:00:00Z;7.323
2011-01-15T02:00:00Z;7.137
2011-01-15T03:00:00Z;6.918
2011-01-15T04:00:00Z;6.687
2011-01-15T05:00:00Z;6.511
2011-01-15T06:00:00Z;6.336
2011-01-15T07:00:00Z;6.296
2011-01-15T08:00:00Z;8.199
2011-01-15T09:00:00Z;10.451
2011-01-15T10:00:00Z;12.314
2011-01-15T11:00:00Z;13.926
2011-01-15T12:00:00Z;14.889
2011-01-15T13:00:00Z;15.339
2011-01-15T14:00:00Z;15.232
2011-01-15T15:00:00Z;14.356
2011-01-15T16:00:00Z;11.98
2011-01-15T17:00:00Z;10.35
2011-01-15T18:00:00Z;9.68
2011-01-15T19:00:00Z;9.128
2011-01-15T20:00:00Z;8.597
2011-01-15T21:00:00Z;8.061
2011-01-15T22:00:00Z;7.637
2011-01-15T23:00:00Z;7.37
2011-01-16T00:00:00Z;7.223
2011-01-16T01:00:00Z;7.082
2011-01-16T02:00:00Z;6.966
2011-01-16T03:00:00Z;6.818
2011-01-16T04:00:00Z;6.627
2011-01-16T05:00:00Z;6.505
2011-01-16T06:00:00Z;6.396
2011-01-16T07:00:00Z;6.41
2011-01-16T08:00:00Z;7.82
2011-01-16T09:00:00Z;9.471
2011-01-16T10:00:00Z;11.135
2011-01-16T11:00:00Z;12.702
2011-01-16T12:00:00Z;13.85
2011-01-16T13:00:00Z;14.514
2011-01-16T14:00:00Z;14.53
2011-01-16T15:00:00Z;13.774
2011-01-16T16:00:00Z;11.489
2011-01-16T17:00:00Z;9.997
2011-01-16T18:00:00Z;9.423
2011-01-16T19:00:00Z;8.987
2011-01-16T20:00:00Z;8.569
2011-01-16T21:00:00Z;8.143
2011-01-16T22:00:00Z;7.774
2011-01-16T23:00:00Z;7.458
2011-01-17T00:00:00Z;7.236
2011-01-17T01:00:00Z;6.97
2011-01-17T02:00:00Z;6.722
2011-01-17T03:00:00Z;6.548
2011-01-17T04:00:00Z;6.42
2011-01-17T05:00:00Z;6.265
2011-01-17T06:00:00Z;6.073
2011-01-17T07:00:00Z;6.032
2011-01-17T08:00:00Z;7.344
2011-01-17T09:00:00Z;8.963
2011-01-17T10:00:00Z;10.654
2011-01-17T11:00:00Z;12.214
2011-01-17T12:00:00Z;13.312
2011-01-17T13:00:00Z;13.927
2011-01-17T14:00:00Z;13.985
2011-01-17T15:00:00Z;13.27
2011-01-17T16:00:00Z;11.145
2011-01-17T17:00:00Z;9.591
2011-01-17T18:00:00Z;8.9
2011-01-17T19:00:00Z;8.245
2011-01-17T20:00:00Z;7.727
2011-01-17T21:00:00Z;7.37
2011-01-17T22:00:00Z;7.173
2011-01-17T23:00:00Z;6.957
2011-01-18T00:00:00Z;6.741
2011-01-18T01:00:00Z;6.575
2011-01-18T02:00:00Z;6.467
2011-01-18T03:00:00Z;6.37
2011-01-18T04:00:00Z;6.3
2011-01-18T05:00:00Z;6.268
2011-01-18T06:00:00Z;6.268
2011-01-18T07:00:00Z;6.366
2011-01-18T08:00:00Z;7.474
2011-01-18T09:00:00Z;8.812
2011-01-18T10:00:00Z;10.25
2011-01-18T11:00:00Z;11.499
2011-01-18T12:00:00Z;12.218
2011-01-18T13:00:00Z;12.472
2011-01-18T14:00:00Z;12.313
2011-01-18T15:00:00Z;11.681
2011-01-18T16:00:00Z;10.317
2011-01-18T17:00:00Z;9.354
2011-01-18T18:00:00Z;8.98
2011-01-18T19:00:00Z;8.726
2011-01-18T20:00:00Z;8.501
2011-01-18T21:00:00Z;8.265
2011-01-18T22:00:00Z;7.998
2011-01-18T23:00:00Z;7.753
2011-01-19T00:00:00Z;7.548
2011-01-19T01:00:00Z;7.397
2011-01-19T02:00:00Z;7.286
2011-01-19T03:00:00Z;7.181
2011-01-19T04:00:00Z;7.076
2011-01-19T05:00:00Z;6.994
2011-01-19T06:00:00Z;6.925
2011-01-19T07:00:00Z;6.959
2011-01-19T08:00:00Z;7.881
2011-01-19T09:00:00Z;8.951
2011-01-19T10:00:00Z;10.023
2011-01-19T11:00:00Z;10.949
2011-01-19T12:00:00Z;11.569
2011-01-19T13:00:00Z;11.87
2011-01-19T14:00:00Z;11.852
2011-01-19T15:00:00Z;11.435
2011-01-19T16:00:00Z;10.31
2011-01-19T17:00:00Z;9.329
2011-01-19T18:00:00Z;8.855
2011-01-19T19:00:00Z;8.457
2011-01-19T20:00:00Z;8.12
2011-01-19T21:00:00Z;7.82
2011-01-19T22:00:00Z;7.515
2011-01-19T23:00:00Z;7.23
2011-01-20T00:00:00Z;6.947
2011-01-20T01:00:00Z;6.659
2011-01-20T02:00:00Z;6.34
2011-01-20T03:00:00Z;6.055
2011-01-20T04:00:00Z;5.748
2011-01-20T05:00:00Z;5.48
2011-01-20T06:00:00Z;5.191
2011-01-20T07:00:00Z;5.125
2011-01-20T08:00:00Z;6.791
2011-01-20T09:00:00Z;8.428
2011-01-20T10:00:00Z;9.989
2011-01-20T11:00:00Z;11.195
2011-01-20T12:00:00Z;11.895
2011-01-20T13:00:00Z;12.245
2011-01-20T14:00:00Z;12.202
2011-01-20T15:00:00Z;11.569
2011-01-20T16:00:00Z;9.505
2011-01-20T17:00:00Z;7.57
2011-01-20T18:00:00Z;6.6
2011-01-20T19:00:00Z;5.827
2011-01-20T20:00:00Z;5.124
2011-01-20T21:00:00Z;4.536
2011-01-20T22:00:00Z;4.028
2011-01-20T23:00:00Z;3.573
2011-01-21T00:00:00Z;3.145
2011-01-21T01:00:00Z;2.767
2011-01-21T02:00:00Z;2.45
2011-01-21T03:00:00Z;2.153
2011-01-21T04:00:00Z;1.898
2011-01-21T05:00:00Z;1.702
2011-01-21T06:00:00Z;1.54
2011-01-21T07:00:00Z;1.646
2011-01-21T08:00:00Z;3.189
2011-01-21T09:00:00Z;5.032
2011-01-21T10:00:00Z;6.674
2011-01-21T11:00:00Z;7.853
2011-01-21T12:00:00Z;8.601
2011-01-21T13:00:00Z;8.916
2011-01-21T14:00:00Z;8.752
2011-01-21T15:00:00Z;8.009
2011-01-21T16:00:00Z;5.955
2011-01-21T17:00:00Z;3.767
2011-01-21T18:00:00Z;2.983
2011-01-21T19:00:00Z;2.346
2011-01-21T20:00:00Z;1.816
2011-01-21T21:00:00Z;1.481
2011-01-21T22:00:00Z;1.247
2011-01-21T23:00:00Z;1.025
2011-01-22T00:00:00Z;0.81
2011-01-22T01:00:00Z;0.635
2011-01-22T02:00:00Z;0.494
2011-01-22T03:00:00Z;0.376
2011-01-22T04:00:00Z;0.268
2011-01-22T05:00:00Z;0.16
2011-01-22T06:00:00Z;0.062
2011-01-22T07:00:00Z;0.272
2011-01-22T08:00:00Z;1.941
2011-01-22T09:00:00Z;3.786
2011-01-22T10:00:00Z;5.32
2011-01-22T11:00:00Z;6.365
2011-01-22T12:00:00Z;7.004
2011-01-22T13:00:00Z;7.266
2011-01-22T14:00:00Z;7.11
2011-01-22T15:00:00Z;6.368
2011-01-22T16:00:00Z;4.219
2011-01-22T17:00:00Z;2.669
2011-01-22T18:00:00Z;2.32
2011-01-22T19:00:00Z;2.054
2011-01-22T20:00:00Z;1.742
2011-01-22T21:00:00Z;1.546
2011-01-22T22:00:00Z;1.376
2011-01-22T23:00:00Z;1.177
2011-01-23T00:00:00Z;0.977
2011-01-23T01:00:00Z;0.832
2011-01-23T02:00:00Z;0.75
2011-01-23T03:00:00Z;0.675
2011-01-23T04:00:00Z;0.612
2011-01-23T05:00:00Z;0.602
2011-01-23T06:00:00Z;0.595
2011-01-23T07:00:00Z;0.819
2011-01-23T08:00:00Z;2.201
2011-01-23T09:00:00Z;3.752
2011-01-23T10:00:00Z;4.983
2011-01-23T11:00:00Z;5.826
2011-01-23T12:00:00Z;6.351
2011-01-23T13:00:00Z;6.6
2011-01-23T14:00:00Z;6.545
2011-01-23T15:00:00Z;5.986
2011-01-23T16:00:00Z;4.155
2011-01-23T17:00:00Z;2.792
2011-01-23T18:00:00Z;2.448
2011-01-23T19:00:00Z;2.229
2011-01-23T20:00:00Z;2.063
2011-01-23T21:00:00Z;1.937
2011-01-23T22:00:00Z;1.869
2011-01-23T23:00:00Z;1.773
2011-01-24T00:00:00Z;1.617
2011-01-24T01:00:00Z;1.485
2011-01-24T02:00:00Z;1.372
2011-01-24T03:00:00Z;1.281
2011-01-24T04:00:00Z;1.17
2011-01-24T05:00:00Z;1.078
2011-01-24T06:00:00Z;1.031
2011-01-24T07:00:00Z;1.221
2011-01-24T08:00:00Z;2.797
2011-01-24T09:00:00Z;4.513
2011-01-24T10:00:00Z;5.999
2011-01-24T11:00:00Z;7.154
2011-01-24T12:00:00Z;7.908
2011-01-24T13:00:00Z;8.247
2011-01-24T14:00:00Z;8.141
2011-01-24T15:00:00Z;7.357
2011-01-24T16:00:00Z;5.265
2011-01-24T17:00:00Z;3.767
2011-01-24T18:00:00Z;3.395
2011-01-24T19:00:00Z;3.143
2011-01-24T20:00:00Z;2.918
2011-01-24T21:00:00Z;2.73
2011-01-24T22:00:00Z;2.588
2011-01-24T23:00:00Z;2.452
2011-01-25T00:00:00Z;2.35
2011-01-25T01:00:00Z;2.262
2011-01-25T02:00:00Z;2.16
2011-01-25T03:00:00Z;2.098
2011-01-25T04:00:00Z;2.042
2011-01-25T05:00:00Z;2.002
2011-01-25T06:00:00Z;1.981
2011-01-25T07:00:00Z;2.177
2011-01-25T08:00:00Z;3.547
2011-01-25T09:00:00Z;5.142
2011-01-25T10:00:00Z;6.685
2011-01-25T11:00:00Z;7.941
2011-01-25T12:00:00Z;8.76
2011-01-25T13:00:00Z;9.162
2011-01-25T14:00:00Z;9.139
2011-01-25T15:00:00Z;8.384
2011-01-25T16:00:00Z;6.394
2011-01-25T17:00:00Z;4.921
2011-01-25T18:00:00Z;4.449
2011-01-25T19:00:00Z;4.151
2011-01-25T20:00:00Z;3.908
2011-01-25T21:00:00Z;3.594
2011-01-25T22:00:00Z;3.289
2011-01-25T23:00:00Z;3.053
2011-01-26T00:00:00Z;2.857
2011-01-26T01:00:00Z;2.7
2011-01-26T02:00:00Z;2.558
2011-01-26T03:00:00Z;2.512
2011-01-26T04:00:00Z;2.487
2011-01-26T05:00:00Z;2.496
2011-01-26T06:00:00Z;2.55
2011-01-26T07:00:00Z;2.8
2011-01-26T08:00:00Z;4.101
2011-01-26T09:00:00Z;5.542
2011-01-26T10:00:00Z;6.95
2011-01-26T11:00:00Z;8.001
2011-01-26T12:00:00Z;8.622
2011-01-26T13:00:00Z;8.883
2011-01-26T14:00:00Z;8.763
2011-01-26T15:00:00Z;8.05
2011-01-26T16:00:00Z;6.505
2011-01-26T17:00:00Z;5.557
2011-01-26T18:00:00Z;5.284
2011-01-26T19:00:00Z;5.07
2011-01-26T20:00:00Z;4.829
2011-01-26T21:00:00Z;4.55
2011-01-26T22:00:00Z;4.338
2011-01-26T23:00:00Z;4.171
2011-01-27T00:00:00Z;4.046
2011-01-27T01:00:00Z;4.071
2011-01-27T02:00:00Z;4.106
2011-01-27T03:00:00Z;4.118
2011-01-27T04:00:00Z;4.138
2011-01-27T05:00:00Z;4.188
2011-01-27T06:00:00Z;4.223
2011-01-27T07:00:00Z;4.408
2011-01-27T08:00:00Z;5.295
2011-01-27T09:00:00Z;6.144
2011-01-27T10:00:00Z;7.066
2011-01-27T11:00:00Z;7.847
2011-01-27T12:00:00Z;8.332
2011-01-27T13:00:00Z;8.557
2011-01-27T14:00:00Z;8.484
2011-01-27T15:00:00Z;8.007
2011-01-27T16:00:00Z;6.976
2011-01-27T17:00:00Z;5.983
2011-01-27T18:00:00Z;5.755
2011-01-27T19:00:00Z;5.643
2011-01-27T20:00:00Z;5.554
2011-01-27T21:00:00Z;5.41
2011-01-27T22:00:00Z;5.332
2011-01-27T23:00:00Z;5.305
2011-01-28T00:00:00Z;5.271
2011-01-28T01:00:00Z;5.256
2011-01-28T02:00:00Z;5.256
2011-01-28T03:00:00Z;5.209
2011-01-28T04:00:00Z;5.194
2011-01-28T05:00:00Z;5.222
2011-01-28T06:00:00Z;5.282
2011-01-28T07:00:00Z;5.488
2011-01-28T08:00:00Z;6.441
2011-01-28T09:00:00Z;7.262
2011-01-28T10:00:00Z;7.93
2011-01-28T11:00:00Z;8.387
2011-01-28T12:00:00Z;8.735
2011-01-28T13:00:00Z;8.993
2011-01-28T14:00:00Z;9.004
2011-01-28T15:00:00Z;8.643
2011-01-28T16:00:00Z;7.706
2011-01-28T17:00:00Z;6.782
2011-01-28T18:00:00Z;6.526
2011-01-28T19:00:00Z;6.359
2011-01-28T20:00:00Z;6.18
2011-01-28T21:00:00Z;5.985
2011-01-28T22:00:00Z;5.794
2011-01-28T23:00:00Z;5.682
2011-01-29T00:00:00Z;5.549
2011-01-29T01:00:00Z;5.383
2011-01-29T02:00:00Z;5.149
2011-01-29T03:00:00Z;5.014
2011-01-29T04:00:00Z;4.912
2011-01-29T05:00:00Z;4.835
2011-01-29T06:00:00Z;4.78
2011-01-29T07:00:00Z;4.967
2011-01-29T08:00:00Z;6.052
2011-01-29T09:00:00Z;7.075
2011-01-29T10:00:00Z;8.146
2011-01-29T11:00:00Z;8.986
2011-01-29T12:00:00Z;9.417
2011-01-29T13:00:00Z;9.52
2011-01-29T14:00:00Z;9.347
2011-01-29T15:00:00Z;8.875
2011-01-29T16:00:00Z;7.57
2011-01-29T17:00:00Z;6.061
2011-01-29T18:00:00Z;5.558
2011-01-29T19:00:00Z;5.143
2011-01-29T20:00:00Z;4.741
2011-01-29T21:00:00Z;4.353
2011-01-29T22:00:00Z;4.002
2011-01-29T23:00:00Z;3.782
2011-01-30T00:00:00Z;3.678
2011-01-30T01:00:00Z;3.593
2011-01-30T02:00:00Z;3.484
2011-01-30T03:00:00Z;3.375
2011-01-30T04:00:00Z;3.288
2011-01-30T05:00:00Z;3.185
2011-01-30T06:00:00Z;3.07
2011-01-30T07:00:00Z;3.298
2011-01-30T08:00:00Z;4.663
2011-01-30T09:00:00Z;6.035
2011-01-30T10:00:00Z;7.335
2011-01-30T11:00:00Z;8.163
2011-01-30T12:00:00Z;8.522
2011-01-30T13:00:00Z;8.586
2011-01-30T14:00:00Z;8.387
2011-01-30T15:00:00Z;7.9
2011-01-30T16:00:00Z;6.743
2011-01-30T17:00:00Z;5.409
2011-01-30T18:00:00Z;4.947
2011-01-30T19:00:00Z;4.622
2011-01-30T20:00:00Z;4.341
2011-01-30T21:00:00Z;4.056
2011-01-30T22:00:00Z;3.758
2011-01-30T23:00:00Z;3.383
2011-01-31T00:00:00Z;3.076
2011-01-31T01:00:00Z;2.839
2011-01-31T02:00:00Z;2.629
2011-01-31T03:00:00Z;2.504
2011-01-31T04:00:00Z;2.413
2011-01-31T05:00:00Z;2.357
2011-01-31T06:00:00Z;2.295
2011-01-31T07:00:00Z;2.5
2011-01-31T08:00:00Z;3.954
2011-01-31T09:00:00Z;5.447
2011-01-31T10:00:00Z;6.829
2011-01-31T11:00:00Z;7.798
2011-01-31T12:00:00Z;8.363
2011-01-31T13:00:00Z;8.611
2011-01-31T14:00:00Z;8.565
2011-01-31T15:00:00Z;8.152
2011-01-31T16:00:00Z;6.766
2011-01-31T17:00:00Z;4.994
2011-01-31T18:00:00Z;4.472
2011-01-31T19:00:00Z;4.114
2011-01-31T20:00:00Z;3.787
2011-01-31T21:00:00Z;3.465
2011-01-31T22:00:00Z;3.179
2011-01-31T23:00:00Z;2.912
2011-02-01T00:00:00Z;2.65
2011-02-01T01:00:00Z;2.407
2011-02-01T02:00:00Z;2.22
2011-02-01T03:00:00Z;2.023
2011-02-01T04:00:00Z;1.861
2011-02-01T05:00:00Z;1.743
2011-02-01T06:00:00Z;1.641
2011-02-01T07:00:00Z;2.081
2011-02-01T08:00:00Z;4.136
2011-02-01T09:00:00Z;6.077
2011-02-01T10:00:00Z;8.002
2011-02-01T11:00:00Z;9.246
2011-02-01T12:00:00Z;9.974
2011-02-01T13:00:00Z;10.305
2011-02-01T14:00:00Z;10.259
2011-02-01T15:00:00Z;9.769
2011-02-01T16:00:00Z;7.969
2011-02-01T17:00:00Z;5.754
2011-02-01T18:00:00Z;4.996
2011-02-01T19:00:00Z;4.356
2011-02-01T20:00:00Z;3.764
2011-02-01T21:00:00Z;3.255
2011-02-01T22:00:00Z;2.821
2011-02-01T23:00:00Z;2.454
2011-02-02T00:00:00Z;2.149
2011-02-02T01:00:00Z;1.915
2011-02-02T02:00:00Z;1.72
2011-02-02T03:00:00Z;1.599
2011-02-02T04:00:00Z;1.553
2011-02-02T05:00:00Z;1.575
2011-02-02T06:00:00Z;1.573
2011-02-02T07:00:00Z;2.087
2011-02-02T08:00:00Z;4.141
2011-02-02T09:00:00Z;6.399
2011-02-02T10:00:00Z;8.641
2011-02-02T11:00:00Z;10.332
2011-02-02T12:00:00Z;11.429
2011-02-02T13:00:00Z;12.019
2011-02-02T14:00:00Z;12.062
2011-02-02T15:00:00Z;11.509
2011-02-02T16:00:00Z;9.271
2011-02-02T17:00:00Z;6.752
2011-02-02T18:00:00Z;5.899
2011-02-02T19:00:00Z;5.326
2011-02-02T20:00:00Z;4.829
2011-02-02T21:00:00Z;4.441
2011-02-02T22:00:00Z;4.165
2011-02-02T23:00:00Z;3.859
2011-02-03T00:00:00Z;3.54
2011-02-03T01:00:00Z;3.256
2011-02-03T02:00:00Z;3.061
2011-02-03T03:00:00Z;2.914
2011-02-03T04:00:00Z;2.817
2011-02-03T05:00:00Z;2.757
2011-02-03T06:00:00Z;2.749
2011-02-03T07:00:00Z;3.364
2011-02-03T08:00:00Z;5.687
2011-02-03T09:00:00Z;7.809
2011-02-03T10:00:00Z;10.015
2011-02-03T11:00:00Z;11.712
2011-02-03T12:00:00Z;12.803
2011-02-03T13:00:00Z;13.389
2011-02-03T14:00:00Z;13.442
2011-02-03T15:00:00Z;12.8
2011-02-03T16:00:00Z;10.62
2011-02-03T17:00:00Z;8.324
2011-02-03T18:00:00Z;7.413
2011-02-03T19:00:00Z;6.715
2011-02-03T20:00:00Z;6.125
2011-02-03T21:00:00Z;5.697
2011-02-03T22:00:00Z;5.422
2011-02-03T23:00:00Z;5.145
2011-02-04T00:00:00Z;4.85
2011-02-04T01:00:00Z;4.616
2011-02-04T02:00:00Z;4.425
2011-02-04T03:00:00Z;4.249
2011-02-04T04:00:00Z;4.059
2011-02-04T05:00:00Z;3.927
2011-02-04T06:00:00Z;3.79
2011-02-04T07:00:00Z;4.269
2011-02-04T08:00:00Z;6.465
2011-02-04T09:00:00Z;8.595
2011-02-04T10:00:00Z;10.87
2011-02-04T11:00:00Z;12.629
2011-02-04T12:00:00Z;13.773
2011-02-04T13:00:00Z;14.365
2011-02-04T14:00:00Z;14.458
2011-02-04T15:00:00Z;13.903
2011-02-04T16:00:00Z;11.676
2011-02-04T17:00:00Z;9.444
2011-02-04T18:00:00Z;8.602
2011-02-04T19:00:00Z;8.032
2011-02-04T20:00:00Z;7.549
2011-02-04T21:00:00Z;7.087
2011-02-04T22:00:00Z;6.706
2011-02-04T23:00:00Z;6.365
2011-02-05T00:00:00Z;6.009
2011-02-05T01:00:00Z;5.646
2011-02-05T02:00:00Z;5.35
2011-02-05T03:00:00Z;5.122
2011-02-05T04:00:00Z;4.995
2011-02-05T05:00:00Z;4.937
2011-02-05T06:00:00Z;4.888
2011-02-05T07:00:00Z;5.387
2011-02-05T08:00:00Z;7.947
2011-02-05T09:00:00Z;10.175
2011-02-05T10:00:00Z;12.22
2011-02-05T11:00:00Z;14.051
2011-02-05T12:00:00Z;15.219
2011-02-05T13:00:00Z;15.766
2011-02-05T14:00:00Z;15.752
2011-02-05T15:00:00Z;15.129
2011-02-05T16:00:00Z;13.056
2011-02-05T17:00:00Z;10.988
2011-02-05T18:00:00Z;10.218
2011-02-05T19:00:00Z;9.586
2011-02-05T20:00:00Z;8.983
2011-02-05T21:00:00Z;8.477
2011-02-05T22:00:00Z;8.117
2011-02-05T23:00:00Z;7.808
2011-02-06T00:00:00Z;7.505
2011-02-06T01:00:00Z;7.183
2011-02-06T02:00:00Z;6.918
2011-02-06T03:00:00Z;6.658
2011-02-06T04:00:00Z;6.353
2011-02-06T05:00:00Z;6.077
2011-02-06T06:00:00Z;5.876
2011-02-06T07:00:00Z;6.26
2011-02-06T08:00:00Z;8.947
2011-02-06T09:00:00Z;11.307
2011-02-06T10:00:00Z;13.279
2011-02-06T11:00:00Z;14.957
2011-02-06T12:00:00Z;16.025
2011-02-06T13:00:00Z;16.454
2011-02-06T14:00:00Z;16.294
2011-02-06T15:00:00Z;15.549
2011-02-06T16:00:00Z;13.364
2011-02-06T17:00:00Z;11.431
2011-02-06T18:00:00Z;10.667
2011-02-06T19:00:00Z;10.145
2011-02-06T20:00:00Z;9.666
2011-02-06T21:00:00Z;9.113
2011-02-06T22:00:00Z;8.571
2011-02-06T23:00:00Z;8.098
2011-02-07T00:00:00Z;7.638
2011-02-07T01:00:00Z;7.194
2011-02-07T02:00:00Z;6.82
2011-02-07T03:00:00Z;6.528
2011-02-07T04:00:00Z;6.271
2011-02-07T05:00:00Z;6.029
2011-02-07T06:00:00Z;5.82
2011-02-07T07:00:00Z;6.115
2011-02-07T08:00:00Z;8.384
2011-02-07T09:00:00Z;10.5
2011-02-07T10:00:00Z;12.568
2011-02-07T11:00:00Z;14.211
2011-02-07T12:00:00Z;15.19
2011-02-07T13:00:00Z;15.516
2011-02-07T14:00:00Z;15.349
2011-02-07T15:00:00Z;14.652
2011-02-07T16:00:00Z;12.426
2011-02-07T17:00:00Z;10.022
2011-02-07T18:00:00Z;9.183
2011-02-07T19:00:00Z;8.696
2011-02-07T20:00:00Z;8.273
2011-02-07T21:00:00Z;7.897
2011-02-07T22:00:00Z;7.638
2011-02-07T23:00:00Z;7.363
2011-02-08T00:00:00Z;7.055
2011-02-08T01:00:00Z;6.73
2011-02-08T02:00:00Z;6.351
2011-02-08T03:00:00Z;5.978
2011-02-08T04:00:00Z;5.642
2011-02-08T05:00:00Z;5.357
2011-02-08T06:00:00Z;5.093
2011-02-08T07:00:00Z;5.348
2011-02-08T08:00:00Z;7.339
2011-02-08T09:00:00Z;9.139
2011-02-08T10:00:00Z;11.144
2011-02-08T11:00:00Z;12.795
2011-02-08T12:00:00Z;13.792
2011-02-08T13:00:00Z;14.179
2011-02-08T14:00:00Z;14.135
2011-02-08T15:00:00Z;13.603
2011-02-08T16:00:00Z;11.603
2011-02-08T17:00:00Z;9.205
2011-02-08T18:00:00Z;8.404
2011-02-08T19:00:00Z;7.958
2011-02-08T20:00:00Z;7.617
2011-02-08T21:00:00Z;7.264
2011-02-08T22:00:00Z;6.959
2011-02-08T23:00:00Z;6.655
2011-02-09T00:00:00Z;6.359
2011-02-09T01:00:00Z;6.157
2011-02-09T02:00:00Z;5.921
2011-02-09T03:00:00Z;5.738
2011-02-09T04:00:00Z;5.543
2011-02-09T05:00:00Z;5.318
2011-02-09T06:00:00Z;5.101
2011-02-09T07:00:00Z;5.559
2011-02-09T08:00:00Z;7.47
2011-02-09T09:00:00Z;9.272
2011-02-09T10:00:00Z;11.369
2011-02-09T11:00:00Z;12.915
2011-02-09T12:00:00Z;13.856
2011-02-09T13:00:00Z;14.275
2011-02-09T14:00:00Z;14.26
2011-02-09T15:00:00Z;13.784
2011-02-09T16:00:00Z;12.027
2011-02-09T17:00:00Z;9.746
2011-02-09T18:00:00Z;8.927
2011-02-09T19:00:00Z;8.406
2011-02-09T20:00:00Z;7.942
2011-02-09T21:00:00Z;7.581
2011-02-09T22:00:00Z;7.304
2011-02-09T23:00:00Z;6.981
2011-02-10T00:00:00Z;6.711
2011-02-10T01:00:00Z;6.424
2011-02-10T02:00:00Z;6.216
2011-02-10T03:00:00Z;6.009
2011-02-10T04:00:00Z;5.786
2011-02-10T05:00:00Z;5.593
2011-02-10T06:00:00Z;5.433
2011-02-10T07:00:00Z;5.89
2011-02-10T08:00:00Z;8.001
2011-02-10T09:00:00Z;9.885
2011-02-10T10:00:00Z;11.927
2011-02-10T11:00:00Z;13.529
2011-02-10T12:00:00Z;14.371
2011-02-10T13:00:00Z;14.698
2011-02-10T14:00:00Z;14.576
2011-02-10T15:00:00Z;13.977
2011-02-10T16:00:00Z;12.087
2011-02-10T17:00:00Z;9.599
2011-02-10T18:00:00Z;8.717
2011-02-10T19:00:00Z;8.219
2011-02-10T20:00:00Z;7.83
2011-02-10T21:00:00Z;7.527
2011-02-10T22:00:00Z;7.212
2011-02-10T23:00:00Z;6.968
2011-02-11T00:00:00Z;6.738
2011-02-11T01:00:00Z;6.566
2011-02-11T02:00:00Z;6.388
2011-02-11T03:00:00Z;6.189
2011-02-11T04:00:00Z;5.942
2011-02-11T05:00:00Z;5.741
2011-02-11T06:00:00Z;5.563
2011-02-11T07:00:00Z;6.067
2011-02-11T08:00:00Z;8.094
2011-02-11T09:00:00Z;9.83
2011-02-11T10:00:00Z;11.727
2011-02-11T11:00:00Z;12.975
2011-02-11T12:00:00Z;13.694
2011-02-11T13:00:00Z;14.025
2011-02-11T14:00:00Z;13.969
2011-02-11T15:00:00Z;13.497
2011-02-11T16:00:00Z;11.878
2011-02-11T17:00:00Z;9.555
2011-02-11T18:00:00Z;8.657
2011-02-11T19:00:00Z;8.143
2011-02-11T20:00:00Z;7.765
2011-02-11T21:00:00Z;7.437
2011-02-11T22:00:00Z;7.115
2011-02-11T23:00:00Z;6.762
2011-02-12T00:00:00Z;6.402
2011-02-12T01:00:00Z;6.001
2011-02-12T02:00:00Z;5.573
2011-02-12T03:00:00Z;5.169
2011-02-12T04:00:00Z;4.792
2011-02-12T05:00:00Z;4.523
2011-02-12T06:00:00Z;4.347
2011-02-12T07:00:00Z;5.214
2011-02-12T08:00:00Z;7.684
2011-02-12T09:00:00Z;9.785
2011-02-12T10:00:00Z;11.939
2011-02-12T11:00:00Z;13.281
2011-02-12T12:00:00Z;13.999
2011-02-12T13:00:00Z;14.302
2011-02-12T14:00:00Z;14.228
2011-02-12T15:00:00Z;13.745
2011-02-12T16:00:00Z;12.162
2011-02-12T17:00:00Z;9.65
2011-02-12T18:00:00Z;8.665
2011-02-12T19:00:00Z;8.032
2011-02-12T20:00:00Z;7.499
2011-02-12T21:00:00Z;7.134
2011-02-12T22:00:00Z;6.902
2011-02-12T23:00:00Z;6.639
2011-02-13T00:00:00Z;6.412
2011-02-13T01:00:00Z;6.215
2011-02-13T02:00:00Z;6.005
2011-02-13T03:00:00Z;5.781
2011-02-13T04:00:00Z;5.76
2011-02-13T05:00:00Z;5.792
2011-02-13T06:00:00Z;5.734
2011-02-13T07:00:00Z;6.435
2011-02-13T08:00:00Z;8.143
2011-02-13T09:00:00Z;9.784
2011-02-13T10:00:00Z;11.237
2011-02-13T11:00:00Z;12.166
2011-02-13T12:00:00Z;12.623
2011-02-13T13:00:00Z;12.685
2011-02-13T14:00:00Z;12.375
2011-02-13T15:00:00Z;11.807
2011-02-13T16:00:00Z;10.753
2011-02-13T17:00:00Z;9.417
2011-02-13T18:00:00Z;8.829
2011-02-13T19:00:00Z;8.462
2011-02-13T20:00:00Z;8.107
2011-02-13T21:00:00Z;7.677
2011-02-13T22:00:00Z;7.12
2011-02-13T23:00:00Z;6.633
2011-02-14T00:00:00Z;6.247
2011-02-14T01:00:00Z;5.91
2011-02-14T02:00:00Z;5.605
2011-02-14T03:00:00Z;5.239
2011-02-14T04:00:00Z;4.815
2011-02-14T05:00:00Z;4.526
2011-02-14T06:00:00Z;4.365
2011-02-14T07:00:00Z;4.831
2011-02-14T08:00:00Z;6.202
2011-02-14T09:00:00Z;7.651
2011-02-14T10:00:00Z;8.961
2011-02-14T11:00:00Z;9.809
2011-02-14T12:00:00Z;10.216
2011-02-14T13:00:00Z;10.349
2011-02-14T14:00:00Z;10.222
2011-02-14T15:00:00Z;9.838
2011-02-14T16:00:00Z;8.982
2011-02-14T17:00:00Z;7.583
2011-02-14T18:00:00Z;7.087
2011-02-14T19:00:00Z;6.795
2011-02-14T20:00:00Z;6.566
2011-02-14T21:00:00Z;6.56
2011-02-14T22:00:00Z;6.584
2011-02-14T23:00:00Z;6.648
2011-02-15T00:00:00Z;6.799
2011-02-15T01:00:00Z;6.962
2011-02-15T02:00:00Z;6.991
2011-02-15T03:00:00Z;7.043
2011-02-15T04:00:00Z;7.095
2011-02-15T05:00:00Z;7.08
2011-02-15T06:00:00Z;7.045
2011-02-15T07:00:00Z;7.467
2011-02-15T08:00:00Z;8.249
2011-02-15T09:00:00Z;8.878
2011-02-15T10:00:00Z;9.433
2011-02-15T11:00:00Z;9.797
2011-02-15T12:00:00Z;10.01
2011-02-15T13:00:00Z;10.085
2011-02-15T14:00:00Z;9.962
2011-02-15T15:00:00Z;9.613
2011-02-15T16:00:00Z;8.958
2011-02-15T17:00:00Z;7.885
2011-02-15T18:00:00Z;7.357
2011-02-15T19:00:00Z;7.062
2011-02-15T20:00:00Z;6.791
2011-02-15T21:00:00Z;6.511
2011-02-15T22:00:00Z;6.222
2011-02-15T23:00:00Z;5.947
2011-02-16T00:00:00Z;5.649
2011-02-16T01:00:00Z;5.419
2011-02-16T02:00:00Z;5.19
2011-02-16T03:00:00Z;4.957
2011-02-16T04:00:00Z;4.848
2011-02-16T05:00:00Z;4.831
2011-02-16T06:00:00Z;4.901
2011-02-16T07:00:00Z;5.623
2011-02-16T08:00:00Z;6.798
2011-02-16T09:00:00Z;7.996
2011-02-16T10:00:00Z;9.162
2011-02-16T11:00:00Z;10.067
2011-02-16T12:00:00Z;10.669
2011-02-16T13:00:00Z;10.877
2011-02-16T14:00:00Z;10.809
2011-02-16T15:00:00Z;10.486
2011-02-16T16:00:00Z;9.636
2011-02-16T17:00:00Z;8.458
2011-02-16T18:00:00Z;7.85
2011-02-16T19:00:00Z;7.525
2011-02-16T20:00:00Z;7.32
2011-02-16T21:00:00Z;7.147
2011-02-16T22:00:00Z;6.91
2011-02-16T23:00:00Z;6.63
2011-02-17T00:00:00Z;6.357
2011-02-17T01:00:00Z;6.181
2011-02-17T02:00:00Z;6.05
2011-02-17T03:00:00Z;5.958
2011-02-17T04:00:00Z;5.847
2011-02-17T05:00:00Z;5.595
2011-02-17T06:00:00Z;5.361
2011-02-17T07:00:00Z;5.828
2011-02-17T08:00:00Z;7.124
2011-02-17T09:00:00Z;8.169
2011-02-17T10:00:00Z;9.154
2011-02-17T11:00:00Z;10.04
2011-02-17T12:00:00Z;10.474
2011-02-17T13:00:00Z;10.568
2011-02-17T14:00:00Z;10.452
2011-02-17T15:00:00Z;10.172
2011-02-17T16:00:00Z;9.484
2011-02-17T17:00:00Z;8.253
2011-02-17T18:00:00Z;7.561
2011-02-17T19:00:00Z;7.122
2011-02-17T20:00:00Z;6.737
2011-02-17T21:00:00Z;6.349
2011-02-17T22:00:00Z;5.984
2011-02-17T23:00:00Z;5.688
2011-02-18T00:00:00Z;5.426
2011-02-18T01:00:00Z;5.202
2011-02-18T02:00:00Z;4.964
2011-02-18T03:00:00Z;4.802
2011-02-18T04:00:00Z;4.726
2011-02-18T05:00:00Z;4.689
2011-02-18T06:00:00Z;4.701
2011-02-18T07:00:00Z;5.489
2011-02-18T08:00:00Z;7.14
2011-02-18T09:00:00Z;9.077
2011-02-18T10:00:00Z;10.845
2011-02-18T11:00:00Z;12.186
2011-02-18T12:00:00Z;13.112
2011-02-18T13:00:00Z;13.609
2011-02-18T14:00:00Z;13.709
2011-02-18T15:00:00Z;13.357
2011-02-18T16:00:00Z;12.059
2011-02-18T17:00:00Z;9.916
2011-02-18T18:00:00Z;9.053
2011-02-18T19:00:00Z;8.621
2011-02-18T20:00:00Z;8.269
2011-02-18T21:00:00Z;7.912
2011-02-18T22:00:00Z;7.651
2011-02-18T23:00:00Z;7.435
2011-02-19T00:00:00Z;7.248
2011-02-19T01:00:00Z;7.052
2011-02-19T02:00:00Z;6.91
2011-02-19T03:00:00Z;6.878
2011-02-19T04:00:00Z;6.931
2011-02-19T05:00:00Z;6.94
2011-02-19T06:00:00Z;6.955
2011-02-19T07:00:00Z;7.699
2011-02-19T08:00:00Z;9.116
2011-02-19T09:00:00Z;10.565
2011-02-19T10:00:00Z;11.935
2011-02-19T11:00:00Z;12.925
2011-02-19T12:00:00Z;13.561
2011-02-19T13:00:00Z;13.822
2011-02-19T14:00:00Z;13.659
2011-02-19T15:00:00Z;13.17
2011-02-19T16:00:00Z;12.24
2011-02-19T17:00:00Z;10.726
2011-02-19T18:00:00Z;10.023
2011-02-19T19:00:00Z;9.719
2011-02-19T20:00:00Z;9.483
2011-02-19T21:00:00Z;9.273
2011-02-19T22:00:00Z;9.093
2011-02-19T23:00:00Z;8.905
2011-02-20T00:00:00Z;8.7
2011-02-20T01:00:00Z;8.462
2011-02-20T02:00:00Z;8.238
2011-02-20T03:00:00Z;8.036
2011-02-20T04:00:00Z;7.89
2011-02-20T05:00:00Z;7.662
2011-02-20T06:00:00Z;7.371
2011-02-20T07:00:00Z;7.954
2011-02-20T08:00:00Z;9.272
2011-02-20T09:00:00Z;10.754
2011-02-20T10:00:00Z;12.239
2011-02-20T11:00:00Z;13.358
2011-02-20T12:00:00Z;14.016
2011-02-20T13:00:00Z;14.349
2011-02-20T14:00:00Z;14.302
2011-02-20T15:00:00Z;13.828
2011-02-20T16:00:00Z;12.733
2011-02-20T17:00:00Z;10.574
2011-02-20T18:00:00Z;9.658
2011-02-20T19:00:00Z;9.3
2011-02-20T20:00:00Z;8.859
2011-02-20T21:00:00Z;8.566
2011-02-20T22:00:00Z;8.362
2011-02-20T23:00:00Z;8.164
2011-02-21T00:00:00Z;8.014
2011-02-21T01:00:00Z;7.822
2011-02-21T02:00:00Z;7.585
2011-02-21T03:00:00Z;7.284
2011-02-21T04:00:00Z;7.073
2011-02-21T05:00:00Z;6.947
2011-02-21T06:00:00Z;6.741
2011-02-21T07:00:00Z;7.481
2011-02-21T08:00:00Z;9.005
2011-02-21T09:00:00Z;10.434
2011-02-21T10:00:00Z;11.678
2011-02-21T11:00:00Z;12.764
2011-02-21T12:00:00Z;13.493
2011-02-21T13:00:00Z;13.857
2011-02-21T14:00:00Z;13.833
2011-02-21T15:00:00Z;13.47
2011-02-21T16:00:00Z;12.71
2011-02-21T17:00:00Z;11.387
2011-02-21T18:00:00Z;10.578
2011-02-21T19:00:00Z;10.145
2011-02-21T20:00:00Z;9.78
2011-02-21T21:00:00Z;9.531
2011-02-21T22:00:00Z;9.364
2011-02-21T23:00:00Z;9.215
2011-02-22T00:00:00Z;9.142
2011-02-22T01:00:00Z;9.106
2011-02-22T02:00:00Z;9.03
2011-02-22T03:00:00Z;8.842
2011-02-22T04:00:00Z;8.687
2011-02-22T05:00:00Z;8.565
2011-02-22T06:00:00Z;8.428
2011-02-22T07:00:00Z;9.071
2011-02-22T08:00:00Z;10.635
2011-02-22T09:00:00Z;12.291
2011-02-22T10:00:00Z;13.678
2011-02-22T11:00:00Z;14.631
2011-02-22T12:00:00Z;15.255
2011-02-22T13:00:00Z;15.564
2011-02-22T14:00:00Z;15.509
2011-02-22T15:00:00Z;15.089
2011-02-22T16:00:00Z;14.136
2011-02-22T17:00:00Z;12.287
2011-02-22T18:00:00Z;11.188
2011-02-22T19:00:00Z;10.546
2011-02-22T20:00:00Z;9.889
2011-02-22T21:00:00Z;9.334
2011-02-22T22:00:00Z;8.917
2011-02-22T23:00:00Z;8.587
2011-02-23T00:00:00Z;8.295
2011-02-23T01:00:00Z;8.023
2011-02-23T02:00:00Z;7.778
2011-02-23T03:00:00Z;7.543
2011-02-23T04:00:00Z;7.346
2011-02-23T05:00:00Z;7.138
2011-02-23T06:00:00Z;7.005
2011-02-23T07:00:00Z;8.127
2011-02-23T08:00:00Z;10.167
2011-02-23T09:00:00Z;12.273
2011-02-23T10:00:00Z;14.075
2011-02-23T11:00:00Z;15.385
2011-02-23T12:00:00Z;16.218
2011-02-23T13:00:00Z;16.612
2011-02-23T14:00:00Z;16.595
2011-02-23T15:00:00Z;16.155
2011-02-23T16:00:00Z;15.005
2011-02-23T17:00:00Z;12.658
2011-02-23T18:00:00Z;11.383
2011-02-23T19:00:00Z;10.761
2011-02-23T20:00:00Z;10.267
2011-02-23T21:00:00Z;9.862
2011-02-23T22:00:00Z;9.512
2011-02-23T23:00:00Z;9.176
2011-02-24T00:00:00Z;8.839
2011-02-24T01:00:00Z;8.564
2011-02-24T02:00:00Z;8.319
2011-02-24T03:00:00Z;8.133
2011-02-24T04:00:00Z;7.923
2011-02-24T05:00:00Z;7.668
2011-02-24T06:00:00Z;7.451
2011-02-24T07:00:00Z;8.683
2011-02-24T08:00:00Z;10.983
2011-02-24T09:00:00Z;13.145
2011-02-24T10:00:00Z;15.015
2011-02-24T11:00:00Z;16.382
2011-02-24T12:00:00Z;17.163
2011-02-24T13:00:00Z;17.515
2011-02-24T14:00:00Z;17.47
2011-02-24T15:00:00Z;17.035
2011-02-24T16:00:00Z;15.87
2011-02-24T17:00:00Z;13.273
2011-02-24T18:00:00Z;11.866
2011-02-24T19:00:00Z;11.067
2011-02-24T20:00:00Z;10.335
2011-02-24T21:00:00Z;9.799
2011-02-24T22:00:00Z;9.401
2011-02-24T23:00:00Z;9.001
2011-02-25T00:00:00Z;8.618
2011-02-25T01:00:00Z;8.256
2011-02-25T02:00:00Z;7.916
2011-02-25T03:00:00Z;7.605
2011-02-25T04:00:00Z;7.306
2011-02-25T05:00:00Z;7.012
2011-02-25T06:00:00Z;6.823
2011-02-25T07:00:00Z;8.448
2011-02-25T08:00:00Z;11.033
2011-02-25T09:00:00Z;13.309
2011-02-25T10:00:00Z;15.385
2011-02-25T11:00:00Z;16.944
2011-02-25T12:00:00Z;17.945
2011-02-25T13:00:00Z;18.45
2011-02-25T14:00:00Z;18.483
2011-02-25T15:00:00Z;18.028
2011-02-25T16:00:00Z;16.613
2011-02-25T17:00:00Z;13.891
2011-02-25T18:00:00Z;12.378
2011-02-25T19:00:00Z;11.502
2011-02-25T20:00:00Z;10.823
2011-02-25T21:00:00Z;10.238
2011-02-25T22:00:00Z;9.741
2011-02-25T23:00:00Z;9.315
2011-02-26T00:00:00Z;9.005
2011-02-26T01:00:00Z;8.881
2011-02-26T02:00:00Z;8.793
2011-02-26T03:00:00Z;8.698
2011-02-26T04:00:00Z;8.45
2011-02-26T05:00:00Z;8.188
2011-02-26T06:00:00Z;8.088
2011-02-26T07:00:00Z;9.177
2011-02-26T08:00:00Z;11.217
2011-02-26T09:00:00Z;13.14
2011-02-26T10:00:00Z;15.327
2011-02-26T11:00:00Z;16.858
2011-02-26T12:00:00Z;17.708
2011-02-26T13:00:00Z;18.037
2011-02-26T14:00:00Z;17.913
2011-02-26T15:00:00Z;17.264
2011-02-26T16:00:00Z;15.77
2011-02-26T17:00:00Z;13.23
2011-02-26T18:00:00Z;11.685
2011-02-26T19:00:00Z;10.956
2011-02-26T20:00:00Z;10.404
2011-02-26T21:00:00Z;9.993
2011-02-26T22:00:00Z;9.63
2011-02-26T23:00:00Z;9.22
2011-02-27T00:00:00Z;8.798
2011-02-27T01:00:00Z;8.389
2011-02-27T02:00:00Z;7.982
2011-02-27T03:00:00Z;7.809
2011-02-27T04:00:00Z;7.68
2011-02-27T05:00:00Z;7.592
2011-02-27T06:00:00Z;7.496
2011-02-27T07:00:00Z;8.166
2011-02-27T08:00:00Z;9.47
2011-02-27T09:00:00Z;10.591
2011-02-27T10:00:00Z;11.432
2011-02-27T11:00:00Z;12.131
2011-02-27T12:00:00Z;12.662
2011-02-27T13:00:00Z;12.935
2011-02-27T14:00:00Z;12.819
2011-02-27T15:00:00Z;12.322
2011-02-27T16:00:00Z;11.384
2011-02-27T17:00:00Z;9.256
2011-02-27T18:00:00Z;7.6
2011-02-27T19:00:00Z;6.898
2011-02-27T20:00:00Z;6.322
2011-02-27T21:00:00Z;5.818
2011-02-27T22:00:00Z;5.349
2011-02-27T23:00:00Z;4.946
2011-02-28T00:00:00Z;4.597
2011-02-28T01:00:00Z;4.291
2011-02-28T02:00:00Z;4.02
2011-02-28T03:00:00Z;3.817
2011-02-28T04:00:00Z;3.683
2011-02-28T05:00:00Z;3.562
2011-02-28T06:00:00Z;3.542
2011-02-28T07:00:00Z;4.775
2011-02-28T08:00:00Z;6.519
2011-02-28T09:00:00Z;8.269
2011-02-28T10:00:00Z;9.481
2011-02-28T11:00:00Z;10.31
2011-02-28T12:00:00Z;10.853
2011-02-28T13:00:00Z;11.17
2011-02-28T14:00:00Z;11.21
2011-02-28T15:00:00Z;10.916
2011-02-28T16:00:00Z;10.108
2011-02-28T17:00:00Z;8.338
2011-02-28T18:00:00Z;6.889
2011-02-28T19:00:00Z;6.191
2011-02-28T20:00:00Z;5.565
2011-02-28T21:00:00Z;5.002
2011-02-28T22:00:00Z;4.514
2011-02-28T23:00:00Z;4.118
2011-03-01T00:00:00Z;3.755
2011-03-01T01:00:00Z;3.423
2011-03-01T02:00:00Z;3.1
2011-03-01T03:00:00Z;2.833
2011-03-01T04:00:00Z;2.592
2011-03-01T05:00:00Z;2.427
2011-03-01T06:00:00Z;2.386
2011-03-01T07:00:00Z;3.87
2011-03-01T08:00:00Z;5.937
2011-03-01T09:00:00Z;8.027
2011-03-01T10:00:00Z;9.399
2011-03-01T11:00:00Z;10.269
2011-03-01T12:00:00Z;10.829
2011-03-01T13:00:00Z;11.083
2011-03-01T14:00:00Z;11.026
2011-03-01T15:00:00Z;10.684
2011-03-01T16:00:00Z;9.851
2011-03-01T17:00:00Z;7.844
2011-03-01T18:00:00Z;6.339
2011-03-01T19:00:00Z;5.69
2011-03-01T20:00:00Z;5.102
2011-03-01T21:00:00Z;4.605
2011-03-01T22:00:00Z;4.169
2011-03-01T23:00:00Z;3.897
2011-03-02T00:00:00Z;3.745
2011-03-02T01:00:00Z;3.636
2011-03-02T02:00:00Z;3.447
2011-03-02T03:00:00Z;3.277
2011-03-02T04:00:00Z;3.127
2011-03-02T05:00:00Z;3.01
2011-03-02T06:00:00Z;2.998
2011-03-02T07:00:00Z;4.328
2011-03-02T08:00:00Z;6.354
2011-03-02T09:00:00Z;8.284
2011-03-02T10:00:00Z;9.498
2011-03-02T11:00:00Z;10.298
2011-03-02T12:00:00Z;10.827
2011-03-02T13:00:00Z;11.038
2011-03-02T14:00:00Z;10.941
2011-03-02T15:00:00Z;10.567
2011-03-02T16:00:00Z;9.806
2011-03-02T17:00:00Z;8.067
2011-03-02T18:00:00Z;6.814
2011-03-02T19:00:00Z;6.312
2011-03-02T20:00:00Z;5.861
2011-03-02T21:00:00Z;5.374
2011-03-02T22:00:00Z;4.906
2011-03-02T23:00:00Z;4.503
2011-03-03T00:00:00Z;4.099
2011-03-03T01:00:00Z;3.828
2011-03-03T02:00:00Z;3.598
2011-03-03T03:00:00Z;3.387
2011-03-03T04:00:00Z;3.135
2011-03-03T05:00:00Z;2.933
2011-03-03T06:00:00Z;2.847
2011-03-03T07:00:00Z;4.213
2011-03-03T08:00:00Z;5.957
2011-03-03T09:00:00Z;7.34
2011-03-03T10:00:00Z;8.202
2011-03-03T11:00:00Z;8.786
2011-03-03T12:00:00Z;9.124
2011-03-03T13:00:00Z;9.214
2011-03-03T14:00:00Z;9.073
2011-03-03T15:00:00Z;8.711
2011-03-03T16:00:00Z;8.067
2011-03-03T17:00:00Z;6.739
2011-03-03T18:00:00Z;5.718
2011-03-03T19:00:00Z;5.305
2011-03-03T20:00:00Z;4.946
2011-03-03T21:00:00Z;4.598
2011-03-03T22:00:00Z;4.354
2011-03-03T23:00:00Z;4.186
2011-03-04T00:00:00Z;4.071
2011-03-04T01:00:00Z;4.017
2011-03-04T02:00:00Z;4.0
2011-03-04T03:00:00Z;3.998
2011-03-04T04:00:00Z;3.97
2011-03-04T05:00:00Z;3.962
2011-03-04T06:00:00Z;3.97
2011-03-04T07:00:00Z;4.647
2011-03-04T08:00:00Z;5.717
2011-03-04T09:00:00Z;6.777
2011-03-04T10:00:00Z;7.68
2011-03-04T11:00:00Z;8.397
2011-03-04T12:00:00Z;8.93
2011-03-04T13:00:00Z;9.168
2011-03-04T14:00:00Z;9.155
2011-03-04T15:00:00Z;8.902
2011-03-04T16:00:00Z;8.359
2011-03-04T17:00:00Z;7.236
2011-03-04T18:00:00Z;6.375
2011-03-04T19:00:00Z;6.032
2011-03-04T20:00:00Z;5.776
2011-03-04T21:00:00Z;5.586
2011-03-04T22:00:00Z;5.445
2011-03-04T23:00:00Z;5.298
2011-03-05T00:00:00Z;5.179
2011-03-05T01:00:00Z;5.094
2011-03-05T02:00:00Z;4.954
2011-03-05T03:00:00Z;4.876
2011-03-05T04:00:00Z;4.839
2011-03-05T05:00:00Z;4.824
2011-03-05T06:00:00Z;4.833
2011-03-05T07:00:00Z;5.873
2011-03-05T08:00:00Z;7.127
2011-03-05T09:00:00Z;8.644
2011-03-05T10:00:00Z;10.088
2011-03-05T11:00:00Z;11.103
2011-03-05T12:00:00Z;11.694
2011-03-05T13:00:00Z;11.988
2011-03-05T14:00:00Z;12.038
2011-03-05T15:00:00Z;11.796
2011-03-05T16:00:00Z;11.105
2011-03-05T17:00:00Z;9.343
2011-03-05T18:00:00Z;8.145
2011-03-05T19:00:00Z;7.613
2011-03-05T20:00:00Z;7.062
2011-03-05T21:00:00Z;6.586
2011-03-05T22:00:00Z;6.221
2011-03-05T23:00:00Z;5.93
2011-03-06T00:00:00Z;5.622
2011-03-06T01:00:00Z;5.281
2011-03-06T02:00:00Z;4.982
2011-03-06T03:00:00Z;4.745
2011-03-06T04:00:00Z;4.567
2011-03-06T05:00:00Z;4.429
2011-03-06T06:00:00Z;4.428
2011-03-06T07:00:00Z;6.179
2011-03-06T08:00:00Z;8.424
2011-03-06T09:00:00Z;10.672
2011-03-06T10:00:00Z;12.223
2011-03-06T11:00:00Z;13.193
2011-03-06T12:00:00Z;13.8
2011-03-06T13:00:00Z;14.079
2011-03-06T14:00:00Z;14.026
2011-03-06T15:00:00Z;13.626
2011-03-06T16:00:00Z;12.782
2011-03-06T17:00:00Z;10.738
2011-03-06T18:00:00Z;9.301
2011-03-06T19:00:00Z;8.589
2011-03-06T20:00:00Z;8.079
2011-03-06T21:00:00Z;7.621
2011-03-06T22:00:00Z;7.144
2011-03-06T23:00:00Z;6.694
2011-03-07T00:00:00Z;6.36
2011-03-07T01:00:00Z;6.04
2011-03-07T02:00:00Z;5.747
2011-03-07T03:00:00Z;5.459
2011-03-07T04:00:00Z;5.178
2011-03-07T05:00:00Z;4.975
2011-03-07T06:00:00Z;4.972
2011-03-07T07:00:00Z;6.89
2011-03-07T08:00:00Z;9.189
2011-03-07T09:00:00Z;11.568
2011-03-07T10:00:00Z;13.345
2011-03-07T11:00:00Z;14.365
2011-03-07T12:00:00Z;14.924
2011-03-07T13:00:00Z;15.112
2011-03-07T14:00:00Z;14.958
2011-03-07T15:00:00Z;14.503
2011-03-07T16:00:00Z;13.585
2011-03-07T17:00:00Z;11.298
2011-03-07T18:00:00Z;9.66
2011-03-07T19:00:00Z;9.053
2011-03-07T20:00:00Z;8.494
2011-03-07T21:00:00Z;8.027
2011-03-07T22:00:00Z;7.714
2011-03-07T23:00:00Z;7.531
2011-03-08T00:00:00Z;7.417
2011-03-08T01:00:00Z;7.324
2011-03-08T02:00:00Z;7.314
2011-03-08T03:00:00Z;7.333
2011-03-08T04:00:00Z;7.341
2011-03-08T05:00:00Z;7.351
2011-03-08T06:00:00Z;7.385
2011-03-08T07:00:00Z;8.333
2011-03-08T08:00:00Z;9.65
2011-03-08T09:00:00Z;10.814
2011-03-08T10:00:00Z;11.746
2011-03-08T11:00:00Z;12.425
2011-03-08T12:00:00Z;12.82
2011-03-08T13:00:00Z;13.055
2011-03-08T14:00:00Z;13.081
2011-03-08T15:00:00Z;12.769
2011-03-08T16:00:00Z;12.122
2011-03-08T17:00:00Z;10.838
2011-03-08T18:00:00Z;9.731
2011-03-08T19:00:00Z;9.325
2011-03-08T20:00:00Z;8.913
2011-03-08T21:00:00Z;8.448
2011-03-08T22:00:00Z;8.032
2011-03-08T23:00:00Z;7.689
2011-03-09T00:00:00Z;7.506
2011-03-09T01:00:00Z;7.41
2011-03-09T02:00:00Z;7.312
2011-03-09T03:00:00Z;7.178
2011-03-09T04:00:00Z;7.108
2011-03-09T05:00:00Z;7.047
2011-03-09T06:00:00Z;7.077
2011-03-09T07:00:00Z;7.878
2011-03-09T08:00:00Z;9.036
2011-03-09T09:00:00Z;10.34
2011-03-09T10:00:00Z;11.674
2011-03-09T11:00:00Z;12.741
2011-03-09T12:00:00Z;13.436
2011-03-09T13:00:00Z;13.76
2011-03-09T14:00:00Z;13.755
2011-03-09T15:00:00Z;13.381
2011-03-09T16:00:00Z;12.58
2011-03-09T17:00:00Z;10.873
2011-03-09T18:00:00Z;9.429
2011-03-09T19:00:00Z;8.816
2011-03-09T20:00:00Z;8.324
2011-03-09T21:00:00Z;7.975
2011-03-09T22:00:00Z;7.685
2011-03-09T23:00:00Z;7.379
2011-03-10T00:00:00Z;7.207
2011-03-10T01:00:00Z;7.072
2011-03-10T02:00:00Z;6.987
2011-03-10T03:00:00Z;6.836
2011-03-10T04:00:00Z;6.656
2011-03-10T05:00:00Z;6.492
2011-03-10T06:00:00Z;6.505
2011-03-10T07:00:00Z;7.633
2011-03-10T08:00:00Z;9.123
2011-03-10T09:00:00Z;10.846
2011-03-10T10:00:00Z;12.458
2011-03-10T11:00:00Z;13.785
2011-03-10T12:00:00Z;14.647
2011-03-10T13:00:00Z;14.981
2011-03-10T14:00:00Z;14.912
2011-03-10T15:00:00Z;14.492
2011-03-10T16:00:00Z;13.621
2011-03-10T17:00:00Z;11.609
2011-03-10T18:00:00Z;10.039
2011-03-10T19:00:00Z;9.402
2011-03-10T20:00:00Z;8.865
2011-03-10T21:00:00Z;8.361
2011-03-10T22:00:00Z;7.873
2011-03-10T23:00:00Z;7.466
2011-03-11T00:00:00Z;7.177
2011-03-11T01:00:00Z;6.942
2011-03-11T02:00:00Z;6.752
2011-03-11T03:00:00Z;6.606
2011-03-11T04:00:00Z;6.544
2011-03-11T05:00:00Z;6.451
2011-03-11T06:00:00Z;6.466
2011-03-11T07:00:00Z;7.609
2011-03-11T08:00:00Z;9.102
2011-03-11T09:00:00Z;10.566
2011-03-11T10:00:00Z;11.743
2011-03-11T11:00:00Z;12.47
2011-03-11T12:00:00Z;12.804
2011-03-11T13:00:00Z;12.737
2011-03-11T14:00:00Z;12.318
2011-03-11T15:00:00Z;11.68
2011-03-11T16:00:00Z;10.891
2011-03-11T17:00:00Z;9.908
2011-03-11T18:00:00Z;9.244
2011-03-11T19:00:00Z;9.021
2011-03-11T20:00:00Z;8.834
2011-03-11T21:00:00Z;8.726
2011-03-11T22:00:00Z;8.684
2011-03-11T23:00:00Z;8.678
2011-03-12T00:00:00Z;8.683
2011-03-12T01:00:00Z;8.678
2011-03-12T02:00:00Z;8.64
2011-03-12T03:00:00Z;8.581
2011-03-12T04:00:00Z;8.534
2011-03-12T05:00:00Z;8.496
2011-03-12T06:00:00Z;8.483
2011-03-12T07:00:00Z;9.101
2011-03-12T08:00:00Z;9.91
2011-03-12T09:00:00Z;10.834
2011-03-12T10:00:00Z;11.766
2011-03-12T11:00:00Z;12.493
2011-03-12T12:00:00Z;12.949
2011-03-12T13:00:00Z;13.222
2011-03-12T14:00:00Z;13.291
2011-03-12T15:00:00Z;13.17
2011-03-12T16:00:00Z;12.751
2011-03-12T17:00:00Z;11.676
2011-03-12T18:00:00Z;10.455
2011-03-12T19:00:00Z;9.948
2011-03-12T20:00:00Z;9.546
2011-03-12T21:00:00Z;9.124
2011-03-12T22:00:00Z;8.683
2011-03-12T23:00:00Z;8.341
2011-03-13T00:00:00Z;8.13
2011-03-13T01:00:00Z;7.977
2011-03-13T02:00:00Z;7.835
2011-03-13T03:00:00Z;7.655
2011-03-13T04:00:00Z;7.508
2011-03-13T05:00:00Z;7.361
2011-03-13T06:00:00Z;7.416
2011-03-13T07:00:00Z;8.491
2011-03-13T08:00:00Z;9.766
2011-03-13T09:00:00Z;11.252
2011-03-13T10:00:00Z;12.591
2011-03-13T11:00:00Z;13.599
2011-03-13T12:00:00Z;14.157
2011-03-13T13:00:00Z;14.276
2011-03-13T14:00:00Z;14.131
2011-03-13T15:00:00Z;13.74
2011-03-13T16:00:00Z;13.007
2011-03-13T17:00:00Z;11.423
2011-03-13T18:00:00Z;10.038
2011-03-13T19:00:00Z;9.497
2011-03-13T20:00:00Z;9.146
2011-03-13T21:00:00Z;8.969
2011-03-13T22:00:00Z;8.683
2011-03-13T23:00:00Z;8.429
2011-03-14T00:00:00Z;8.275
2011-03-14T01:00:00Z;8.164
2011-03-14T02:00:00Z;8.097
2011-03-14T03:00:00Z;8.031
2011-03-14T04:00:00Z;8.012
2011-03-14T05:00:00Z;8.066
2011-03-14T06:00:00Z;8.304
2011-03-14T07:00:00Z;9.191
2011-03-14T08:00:00Z;10.191
2011-03-14T09:00:00Z;11.332
2011-03-14T10:00:00Z;12.449
2011-03-14T11:00:00Z;13.156
2011-03-14T12:00:00Z;13.481
2011-03-14T13:00:00Z;13.546
2011-03-14T14:00:00Z;13.411
2011-03-14T15:00:00Z;13.082
2011-03-14T16:00:00Z;12.549
2011-03-14T17:00:00Z;11.726
2011-03-14T18:00:00Z;10.935
2011-03-14T19:00:00Z;10.635
2011-03-14T20:00:00Z;10.413
2011-03-14T21:00:00Z;10.185
2011-03-14T22:00:00Z;9.971
2011-03-14T23:00:00Z;9.775
2011-03-15T00:00:00Z;9.629
2011-03-15T01:00:00Z;9.459
2011-03-15T02:00:00Z;9.267
2011-03-15T03:00:00Z;9.102
2011-03-15T04:00:00Z;8.949
2011-03-15T05:00:00Z;8.773
2011-03-15T06:00:00Z;8.648
2011-03-15T07:00:00Z;9.212
2011-03-15T08:00:00Z;9.934
2011-03-15T09:00:00Z;10.814
2011-03-15T10:00:00Z;11.702
2011-03-15T11:00:00Z;12.472
2011-03-15T12:00:00Z;12.984
2011-03-15T13:00:00Z;13.203
2011-03-15T14:00:00Z;13.146
2011-03-15T15:00:00Z;12.832
2011-03-15T16:00:00Z;12.217
2011-03-15T17:00:00Z;11.061
2011-03-15T18:00:00Z;9.769
2011-03-15T19:00:00Z;9.196
2011-03-15T20:00:00Z;8.7
2011-03-15T21:00:00Z;8.279
2011-03-15T22:00:00Z;7.929
2011-03-15T23:00:00Z;7.633
2011-03-16T00:00:00Z;7.398
2011-03-16T01:00:00Z;7.212
2011-03-16T02:00:00Z;7.076
2011-03-16T03:00:00Z;6.991
2011-03-16T04:00:00Z;6.949
2011-03-16T05:00:00Z;6.886
2011-03-16T06:00:00Z;6.93
2011-03-16T07:00:00Z;7.767
2011-03-16T08:00:00Z;8.854
2011-03-16T09:00:00Z;10.063
2011-03-16T10:00:00Z;11.122
2011-03-16T11:00:00Z;11.989
2011-03-16T12:00:00Z;12.59
2011-03-16T13:00:00Z;12.896
2011-03-16T14:00:00Z;12.957
2011-03-16T15:00:00Z;12.814
2011-03-16T16:00:00Z;12.365
2011-03-16T17:00:00Z;11.34
2011-03-16T18:00:00Z;10.193
2011-03-16T19:00:00Z;9.76
2011-03-16T20:00:00Z;9.363
2011-03-16T21:00:00Z;9.041
2011-03-16T22:00:00Z;8.741
2011-03-16T23:00:00Z;8.424
2011-03-17T00:00:00Z;8.132
2011-03-17T01:00:00Z;7.869
2011-03-17T02:00:00Z;7.648
2011-03-17T03:00:00Z;7.568
2011-03-17T04:00:00Z;7.514
2011-03-17T05:00:00Z;7.441
2011-03-17T06:00:00Z;7.572
2011-03-17T07:00:00Z;8.799
2011-03-17T08:00:00Z;10.355
2011-03-17T09:00:00Z;12.205
2011-03-17T10:00:00Z;13.828
2011-03-17T11:00:00Z;14.973
2011-03-17T12:00:00Z;15.666
2011-03-17T13:00:00Z;15.953
2011-03-17T14:00:00Z;15.891
2011-03-17T15:00:00Z;15.541
2011-03-17T16:00:00Z;14.784
2011-03-17T17:00:00Z;12.889
2011-03-17T18:00:00Z;10.661
2011-03-17T19:00:00Z;9.829
2011-03-17T20:00:00Z;9.229
2011-03-17T21:00:00Z;8.698
2011-03-17T22:00:00Z;8.219
2011-03-17T23:00:00Z;7.729
2011-03-18T00:00:00Z;7.256
2011-03-18T01:00:00Z;6.809
2011-03-18T02:00:00Z;6.406
2011-03-18T03:00:00Z;6.014
2011-03-18T04:00:00Z;5.702
2011-03-18T05:00:00Z;5.414
2011-03-18T06:00:00Z;5.701
2011-03-18T07:00:00Z;8.115
2011-03-18T08:00:00Z;10.587
2011-03-18T09:00:00Z;13.258
2011-03-18T10:00:00Z;15.23
2011-03-18T11:00:00Z;16.531
2011-03-18T12:00:00Z;17.383
2011-03-18T13:00:00Z;17.875
2011-03-18T14:00:00Z;17.985
2011-03-18T15:00:00Z;17.701
2011-03-18T16:00:00Z;16.836
2011-03-18T17:00:00Z;14.552
2011-03-18T18:00:00Z;12.229
2011-03-18T19:00:00Z;11.287
2011-03-18T20:00:00Z;10.51
2011-03-18T21:00:00Z;9.86
2011-03-18T22:00:00Z;9.317
2011-03-18T23:00:00Z;8.846
2011-03-19T00:00:00Z;8.402
2011-03-19T01:00:00Z;7.974
2011-03-19T02:00:00Z;7.553
2011-03-19T03:00:00Z;7.154
2011-03-19T04:00:00Z;6.799
2011-03-19T05:00:00Z;6.513
2011-03-19T06:00:00Z;6.822
2011-03-19T07:00:00Z;9.33
2011-03-19T08:00:00Z;11.876
2011-03-19T09:00:00Z;14.235
2011-03-19T10:00:00Z;16.043
2011-03-19T11:00:00Z;17.308
2011-03-19T12:00:00Z;18.08
2011-03-19T13:00:00Z;18.439
2011-03-19T14:00:00Z;18.44
2011-03-19T15:00:00Z;18.074
2011-03-19T16:00:00Z;17.209
2011-03-19T17:00:00Z;15.006
2011-03-19T18:00:00Z;12.585
2011-03-19T19:00:00Z;11.549
2011-03-19T20:00:00Z;10.775
2011-03-19T21:00:00Z;10.137
2011-03-19T22:00:00Z;9.611
2011-03-19T23:00:00Z;9.057
2011-03-20T00:00:00Z;8.482
2011-03-20T01:00:00Z;7.942
2011-03-20T02:00:00Z;7.471
2011-03-20T03:00:00Z;7.209
2011-03-20T04:00:00Z;6.941
2011-03-20T05:00:00Z;6.518
2011-03-20T06:00:00Z;6.72
2011-03-20T07:00:00Z;9.065
2011-03-20T08:00:00Z;11.497
2011-03-20T09:00:00Z;13.646
2011-03-20T10:00:00Z;15.221
2011-03-20T11:00:00Z;16.372
2011-03-20T12:00:00Z;17.056
2011-03-20T13:00:00Z;17.321
2011-03-20T14:00:00Z;17.215
2011-03-20T15:00:00Z;16.789
2011-03-20T16:00:00Z;15.947
2011-03-20T17:00:00Z;14.166
2011-03-20T18:00:00Z;11.954
2011-03-20T19:00:00Z;10.963
2011-03-20T20:00:00Z;10.185
2011-03-20T21:00:00Z;9.429
2011-03-20T22:00:00Z;8.896
2011-03-20T23:00:00Z;8.466
2011-03-21T00:00:00Z;8.051
2011-03-21T01:00:00Z;7.687
2011-03-21T02:00:00Z;7.431
2011-03-21T03:00:00Z;7.317
2011-03-21T04:00:00Z;7.212
2011-03-21T05:00:00Z;7.114
2011-03-21T06:00:00Z;7.347
2011-03-21T07:00:00Z;8.861
2011-03-21T08:00:00Z;10.603
2011-03-21T09:00:00Z;12.343
2011-03-21T10:00:00Z;13.743
2011-03-21T11:00:00Z;14.675
2011-03-21T12:00:00Z;15.226
2011-03-21T13:00:00Z;15.435
2011-03-21T14:00:00Z;15.315
2011-03-21T15:00:00Z;14.917
2011-03-21T16:00:00Z;14.202
2011-03-21T17:00:00Z;12.678
2011-03-21T18:00:00Z;10.802
2011-03-21T19:00:00Z;10.086
2011-03-21T20:00:00Z;9.582
2011-03-21T21:00:00Z;9.132
2011-03-21T22:00:00Z;8.775
2011-03-21T23:00:00Z;8.46
2011-03-22T00:00:00Z;8.129
2011-03-22T01:00:00Z;7.81
2011-03-22T02:00:00Z;7.461
2011-03-22T03:00:00Z;7.141
2011-03-22T04:00:00Z;6.857
2011-03-22T05:00:00Z;6.644
2011-03-22T06:00:00Z;6.933
2011-03-22T07:00:00Z;8.393
2011-03-22T08:00:00Z;9.95
2011-03-22T09:00:00Z;11.351
2011-03-22T10:00:00Z;12.34
2011-03-22T11:00:00Z;12.977
2011-03-22T12:00:00Z;13.297
2011-03-22T13:00:00Z;13.354
2011-03-22T14:00:00Z;13.163
2011-03-22T15:00:00Z;12.768
2011-03-22T16:00:00Z;12.158
2011-03-22T17:00:00Z;11.054
2011-03-22T18:00:00Z;9.502
2011-03-22T19:00:00Z;8.844
2011-03-22T20:00:00Z;8.428
2011-03-22T21:00:00Z;8.12
2011-03-22T22:00:00Z;7.832
2011-03-22T23:00:00Z;7.596
2011-03-23T00:00:00Z;7.375
2011-03-23T01:00:00Z;7.232
2011-03-23T02:00:00Z;7.144
2011-03-23T03:00:00Z;7.015
2011-03-23T04:00:00Z;6.914
2011-03-23T05:00:00Z;6.927
2011-03-23T06:00:00Z;7.159
2011-03-23T07:00:00Z;8.354
2011-03-23T08:00:00Z;9.946
2011-03-23T09:00:00Z;11.513
2011-03-23T10:00:00Z;12.728
2011-03-23T11:00:00Z;13.472
2011-03-23T12:00:00Z;13.947
2011-03-23T13:00:00Z;14.209
2011-03-23T14:00:00Z;14.166
2011-03-23T15:00:00Z;13.89
2011-03-23T16:00:00Z;13.308
2011-03-23T17:00:00Z;12.162
2011-03-23T18:00:00Z;10.719
2011-03-23T19:00:00Z;10.103
2011-03-23T20:00:00Z;9.665
2011-03-23T21:00:00Z;9.294
2011-03-23T22:00:00Z;8.975
2011-03-23T23:00:00Z;8.736
2011-03-24T00:00:00Z;8.557
2011-03-24T01:00:00Z;8.375
2011-03-24T02:00:00Z;8.226
2011-03-24T03:00:00Z;8.098
2011-03-24T04:00:00Z;7.993
2011-03-24T05:00:00Z;7.893
2011-03-24T06:00:00Z;8.166
2011-03-24T07:00:00Z;9.196
2011-03-24T08:00:00Z;10.303
2011-03-24T09:00:00Z;11.493
2011-03-24T10:00:00Z;12.576
2011-03-24T11:00:00Z;13.453
2011-03-24T12:00:00Z;14.095
2011-03-24T13:00:00Z;14.476
2011-03-24T14:00:00Z;14.589
2011-03-24T15:00:00Z;14.372
2011-03-24T16:00:00Z;13.78
2011-03-24T17:00:00Z;12.681
2011-03-24T18:00:00Z;11.265
2011-03-24T19:00:00Z;10.661
2011-03-24T20:00:00Z;10.224
2011-03-24T21:00:00Z;9.851
2011-03-24T22:00:00Z;9.523
2011-03-24T23:00:00Z;9.29
2011-03-25T00:00:00Z;9.098
2011-03-25T01:00:00Z;8.937
2011-03-25T02:00:00Z;8.766
2011-03-25T03:00:00Z;8.639
2011-03-25T04:00:00Z;8.588
2011-03-25T05:00:00Z;8.575
2011-03-25T06:00:00Z;8.899
2011-03-25T07:00:00Z;10.047
2011-03-25T08:00:00Z;11.303
2011-03-25T09:00:00Z;12.815
2011-03-25T10:00:00Z;14.143
2011-03-25T11:00:00Z;15.199
2011-03-25T12:00:00Z;15.997
2011-03-25T13:00:00Z;16.353
2011-03-25T14:00:00Z;16.279
2011-03-25T15:00:00Z;15.916
2011-03-25T16:00:00Z;15.312
2011-03-25T17:00:00Z;13.974
2011-03-25T18:00:00Z;12.098
2011-03-25T19:00:00Z;11.343
2011-03-25T20:00:00Z;10.817
2011-03-25T21:00:00Z;10.419
2011-03-25T22:00:00Z;10.118
2011-03-25T23:00:00Z;9.874
2011-03-26T00:00:00Z;9.661
2011-03-26T01:00:00Z;9.437
2011-03-26T02:00:00Z;9.203
2011-03-26T03:00:00Z;9.008
2011-03-26T04:00:00Z;8.843
2011-03-26T05:00:00Z;8.776
2011-03-26T06:00:00Z;9.35
2011-03-26T07:00:00Z;11.006
2011-03-26T08:00:00Z;12.792
2011-03-26T09:00:00Z;14.532
2011-03-26T10:00:00Z;15.827
2011-03-26T11:00:00Z;16.582
2011-03-26T12:00:00Z;17.024
2011-03-26T13:00:00Z;17.191
2011-03-26T14:00:00Z;17.07
2011-03-26T15:00:00Z;16.676
2011-03-26T16:00:00Z;15.958
2011-03-26T17:00:00Z;14.44
2011-03-26T18:00:00Z;12.546
2011-03-26T19:00:00Z;11.766
2011-03-26T20:00:00Z;11.217
2011-03-26T21:00:00Z;10.766
2011-03-26T22:00:00Z;10.373
2011-03-26T23:00:00Z;10.112
2011-03-27T00:00:00Z;9.907
2011-03-27T01:00:00Z;9.723
2011-03-27T02:00:00Z;9.516
2011-03-27T03:00:00Z;9.309
2011-03-27T04:00:00Z;9.091
2011-03-27T05:00:00Z;8.861
2011-03-27T06:00:00Z;9.128
2011-03-27T07:00:00Z;10.152
2011-03-27T08:00:00Z;11.314
2011-03-27T09:00:00Z;12.524
2011-03-27T10:00:00Z;13.601
2011-03-27T11:00:00Z;14.606
2011-03-27T12:00:00Z;15.327
2011-03-27T13:00:00Z;15.675
2011-03-27T14:00:00Z;15.688
2011-03-27T15:00:00Z;15.359
2011-03-27T16:00:00Z;14.687
2011-03-27T17:00:00Z;13.489
2011-03-27T18:00:00Z;11.793
2011-03-27T19:00:00Z;10.996
2011-03-27T20:00:00Z;10.425
2011-03-27T21:00:00Z;9.918
2011-03-27T22:00:00Z;9.498
2011-03-27T23:00:00Z;9.161
2011-03-28T00:00:00Z;8.842
2011-03-28T01:00:00Z;8.567
2011-03-28T02:00:00Z;8.328
2011-03-28T03:00:00Z;8.097
2011-03-28T04:00:00Z;7.817
2011-03-28T05:00:00Z;7.616
2011-03-28T06:00:00Z;8.109
2011-03-28T07:00:00Z;9.681
2011-03-28T08:00:00Z;11.486
2011-03-28T09:00:00Z;13.109
2011-03-28T10:00:00Z;14.355
2011-03-28T11:00:00Z;15.339
2011-03-28T12:00:00Z;15.978
2011-03-28T13:00:00Z;16.267
2011-03-28T14:00:00Z;16.193
2011-03-28T15:00:00Z;15.805
2011-03-28T16:00:00Z;15.141
2011-03-28T17:00:00Z;13.873
2011-03-28T18:00:00Z;12.228
2011-03-28T19:00:00Z;11.507
2011-03-28T20:00:00Z;10.978
2011-03-28T21:00:00Z;10.519
2011-03-28T22:00:00Z;10.2
2011-03-28T23:00:00Z;9.976
2011-03-29T00:00:00Z;9.791
2011-03-29T01:00:00Z;9.622
2011-03-29T02:00:00Z;9.421
2011-03-29T03:00:00Z;9.259
2011-03-29T04:00:00Z;9.123
2011-03-29T05:00:00Z;9.007
2011-03-29T06:00:00Z;9.444
2011-03-29T07:00:00Z;10.875
2011-03-29T08:00:00Z;12.51
2011-03-29T09:00:00Z;14.113
2011-03-29T10:00:00Z;15.267
2011-03-29T11:00:00Z;15.99
2011-03-29T12:00:00Z;16.416
2011-03-29T13:00:00Z;16.547
2011-03-29T14:00:00Z;16.51
2011-03-29T15:00:00Z;16.283
2011-03-29T16:00:00Z;15.767
2011-03-29T17:00:00Z;14.496
2011-03-29T18:00:00Z;12.434
2011-03-29T19:00:00Z;11.603
2011-03-29T20:00:00Z;11.079
2011-03-29T21:00:00Z;10.686
2011-03-29T22:00:00Z;10.365
2011-03-29T23:00:00Z;10.081
2011-03-30T00:00:00Z;9.763
2011-03-30T01:00:00Z;9.525
2011-03-30T02:00:00Z;9.342
2011-03-30T03:00:00Z;9.177
2011-03-30T04:00:00Z;9.001
2011-03-30T05:00:00Z;8.81
2011-03-30T06:00:00Z;9.349
2011-03-30T07:00:00Z;11.279
2011-03-30T08:00:00Z;13.264
2011-03-30T09:00:00Z;15.005
2011-03-30T10:00:00Z;16.256
2011-03-30T11:00:00Z;17.156
2011-03-30T12:00:00Z;17.738
2011-03-30T13:00:00Z;18.043
2011-03-30T14:00:00Z;18.063
2011-03-30T15:00:00Z;17.793
2011-03-30T16:00:00Z;17.206
2011-03-30T17:00:00Z;15.859
2011-03-30T18:00:00Z;13.609
2011-03-30T19:00:00Z;12.617
2011-03-30T20:00:00Z;11.998
2011-03-30T21:00:00Z;11.52
2011-03-30T22:00:00Z;11.202
2011-03-30T23:00:00Z;10.937
2011-03-31T00:00:00Z;10.641
2011-03-31T01:00:00Z;10.331
2011-03-31T02:00:00Z;10.04
2011-03-31T03:00:00Z;9.779
2011-03-31T04:00:00Z;9.591
2011-03-31T05:00:00Z;9.468
2011-03-31T06:00:00Z;10.38
2011-03-31T07:00:00Z;12.677
2011-03-31T08:00:00Z;15.138
2011-03-31T09:00:00Z;17.485
2011-03-31T10:00:00Z;18.999
2011-03-31T11:00:00Z;19.938
2011-03-31T12:00:00Z;20.493
2011-03-31T13:00:00Z;20.736
2011-03-31T14:00:00Z;20.691
2011-03-31T15:00:00Z;20.395
2011-03-31T16:00:00Z;19.738
2011-03-31T17:00:00Z;18.232
2011-03-31T18:00:00Z;15.807
2011-03-31T19:00:00Z;14.749
2011-03-31T20:00:00Z;14.131
2011-03-31T21:00:00Z;13.562
2011-03-31T22:00:00Z;13.067
2011-03-31T23:00:00Z;12.617
2011-04-01T00:00:00Z;12.179
2011-04-01T01:00:00Z;11.781
2011-04-01T02:00:00Z;11.425
2011-04-01T03:00:00Z;11.117
2011-04-01T04:00:00Z;10.821
2011-04-01T05:00:00Z;10.57
2011-04-01T06:00:00Z;11.345
2011-04-01T07:00:00Z;13.9
2011-04-01T08:00:00Z;16.303
2011-04-01T09:00:00Z;18.67
2011-04-01T10:00:00Z;20.245
2011-04-01T11:00:00Z;21.201
2011-04-01T12:00:00Z;21.833
2011-04-01T13:00:00Z;22.161
2011-04-01T14:00:00Z;22.154
2011-04-01T15:00:00Z;21.807
2011-04-01T16:00:00Z;20.962
2011-04-01T17:00:00Z;18.968
2011-04-01T18:00:00Z;15.992
2011-04-01T19:00:00Z;14.714
2011-04-01T20:00:00Z;13.915
2011-04-01T21:00:00Z;13.276
2011-04-01T22:00:00Z;12.783
2011-04-01T23:00:00Z;12.384
2011-04-02T00:00:00Z;12.078
2011-04-02T01:00:00Z;11.777
2011-04-02T02:00:00Z;11.451
2011-04-02T03:00:00Z;11.144
2011-04-02T04:00:00Z;10.764
2011-04-02T05:00:00Z;10.438
2011-04-02T06:00:00Z;11.2
2011-04-02T07:00:00Z;13.218
2011-04-02T08:00:00Z;15.029
2011-04-02T09:00:00Z;16.822
2011-04-02T10:00:00Z;18.175
2011-04-02T11:00:00Z;19.06
2011-04-02T12:00:00Z;19.649
2011-04-02T13:00:00Z;19.936
2011-04-02T14:00:00Z;19.878
2011-04-02T15:00:00Z;19.428
2011-04-02T16:00:00Z;18.466
2011-04-02T17:00:00Z;16.741
2011-04-02T18:00:00Z;15.055
2011-04-02T19:00:00Z;14.339
2011-04-02T20:00:00Z;13.908
2011-04-02T21:00:00Z;13.519
2011-04-02T22:00:00Z;13.249
2011-04-02T23:00:00Z;13.02
2011-04-03T00:00:00Z;12.818
2011-04-03T01:00:00Z;12.677
2011-04-03T02:00:00Z;12.544
2011-04-03T03:00:00Z;12.377
2011-04-03T04:00:00Z;12.171
2011-04-03T05:00:00Z;11.975
2011-04-03T06:00:00Z;12.134
2011-04-03T07:00:00Z;13.166
2011-04-03T08:00:00Z;14.257
2011-04-03T09:00:00Z;15.441
2011-04-03T10:00:00Z;16.485
2011-04-03T11:00:00Z;17.142
2011-04-03T12:00:00Z;17.356
2011-04-03T13:00:00Z;17.39
2011-04-03T14:00:00Z;17.198
2011-04-03T15:00:00Z;16.701
2011-04-03T16:00:00Z;15.913
2011-04-03T17:00:00Z;14.939
2011-04-03T18:00:00Z;13.87
2011-04-03T19:00:00Z;13.248
2011-04-03T20:00:00Z;12.889
2011-04-03T21:00:00Z;12.546
2011-04-03T22:00:00Z;12.174
2011-04-03T23:00:00Z;11.806
2011-04-04T00:00:00Z;11.468
2011-04-04T01:00:00Z;11.213
2011-04-04T02:00:00Z;10.945
2011-04-04T03:00:00Z;10.736
2011-04-04T04:00:00Z;10.536
2011-04-04T05:00:00Z;10.29
2011-04-04T06:00:00Z;10.719
2011-04-04T07:00:00Z;12.05
2011-04-04T08:00:00Z;13.667
2011-04-04T09:00:00Z;15.369
2011-04-04T10:00:00Z;16.791
2011-04-04T11:00:00Z;17.839
2011-04-04T12:00:00Z;18.588
2011-04-04T13:00:00Z;19.006
2011-04-04T14:00:00Z;19.123
2011-04-04T15:00:00Z;18.935
2011-04-04T16:00:00Z;18.368
2011-04-04T17:00:00Z;17.185
2011-04-04T18:00:00Z;15.186
2011-04-04T19:00:00Z;14.035
2011-04-04T20:00:00Z;13.095
2011-04-04T21:00:00Z;12.408
2011-04-04T22:00:00Z;11.932
2011-04-04T23:00:00Z;11.569
2011-04-05T00:00:00Z;11.246
2011-04-05T01:00:00Z;10.961
2011-04-05T02:00:00Z;10.719
2011-04-05T03:00:00Z;10.494
2011-04-05T04:00:00Z;10.293
2011-04-05T05:00:00Z;10.15
2011-04-05T06:00:00Z;11.026
2011-04-05T07:00:00Z;13.191
2011-04-05T08:00:00Z;15.416
2011-04-05T09:00:00Z;17.46
2011-04-05T10:00:00Z;19.085
2011-04-05T11:00:00Z;20.333
2011-04-05T12:00:00Z;21.194
2011-04-05T13:00:00Z;21.565
2011-04-05T14:00:00Z;21.513
2011-04-05T15:00:00Z;21.161
2011-04-05T16:00:00Z;20.39
2011-04-05T17:00:00Z;18.798
2011-04-05T18:00:00Z;16.218
2011-04-05T19:00:00Z;15.03
2011-04-05T20:00:00Z;14.378
2011-04-05T21:00:00Z;13.865
2011-04-05T22:00:00Z;13.433
2011-04-05T23:00:00Z;13.101
2011-04-06T00:00:00Z;12.784
2011-04-06T01:00:00Z;12.441
2011-04-06T02:00:00Z;12.142
2011-04-06T03:00:00Z;11.88
2011-04-06T04:00:00Z;11.666
2011-04-06T05:00:00Z;11.495
2011-04-06T06:00:00Z;12.349
2011-04-06T07:00:00Z;14.519
2011-04-06T08:00:00Z;16.579
2011-04-06T09:00:00Z;18.656
2011-04-06T10:00:00Z;20.281
2011-04-06T11:00:00Z;21.387
2011-04-06T12:00:00Z;22.135
2011-04-06T13:00:00Z;22.463
2011-04-06T14:00:00Z;22.523
2011-04-06T15:00:00Z;22.094
2011-04-06T16:00:00Z;21.176
2011-04-06T17:00:00Z;19.295
2011-04-06T18:00:00Z;16.913
2011-04-06T19:00:00Z;15.926
2011-04-06T20:00:00Z;15.333
2011-04-06T21:00:00Z;14.686
2011-04-06T22:00:00Z;14.187
2011-04-06T23:00:00Z;13.765
2011-04-07T00:00:00Z;13.451
2011-04-07T01:00:00Z;13.176
2011-04-07T02:00:00Z;12.834
2011-04-07T03:00:00Z;12.55
2011-04-07T04:00:00Z;12.306
2011-04-07T05:00:00Z;12.062
2011-04-07T06:00:00Z;12.79
2011-04-07T07:00:00Z;15.114
2011-04-07T08:00:00Z;17.351
2011-04-07T09:00:00Z;19.461
2011-04-07T10:00:00Z;21.182
2011-04-07T11:00:00Z;22.376
2011-04-07T12:00:00Z;23.107
2011-04-07T13:00:00Z;23.483
2011-04-07T14:00:00Z;23.467
2011-04-07T15:00:00Z;23.171
2011-04-07T16:00:00Z;22.429
2011-04-07T17:00:00Z;20.539
2011-04-07T18:00:00Z;17.689
2011-04-07T19:00:00Z;16.498
2011-04-07T20:00:00Z;15.874
2011-04-07T21:00:00Z;15.303
2011-04-07T22:00:00Z;14.683
2011-04-07T23:00:00Z;14.187
2011-04-08T00:00:00Z;13.733
2011-04-08T01:00:00Z;13.352
2011-04-08T02:00:00Z;13.052
2011-04-08T03:00:00Z;12.794
2011-04-08T04:00:00Z;12.55
2011-04-08T05:00:00Z;12.389
2011-04-08T06:00:00Z;13.498
2011-04-08T07:00:00Z;16.524
2011-04-08T08:00:00Z;18.966
2011-04-08T09:00:00Z;21.372
2011-04-08T10:00:00Z;23.174
2011-04-08T11:00:00Z;24.434
2011-04-08T12:00:00Z;25.108
2011-04-08T13:00:00Z;25.372
2011-04-08T14:00:00Z;25.303
2011-04-08T15:00:00Z;24.869
2011-04-08T16:00:00Z;24.032
2011-04-08T17:00:00Z;21.903
2011-04-08T18:00:00Z;18.902
2011-04-08T19:00:00Z;17.687
2011-04-08T20:00:00Z;17.084
2011-04-08T21:00:00Z;16.566
2011-04-08T22:00:00Z;16.165
2011-04-08T23:00:00Z;15.806
2011-04-09T00:00:00Z;15.453
2011-04-09T01:00:00Z;15.07
2011-04-09T02:00:00Z;14.698
2011-04-09T03:00:00Z;14.291
2011-04-09T04:00:00Z;13.858
2011-04-09T05:00:00Z;13.547
2011-04-09T06:00:00Z;14.642
2011-04-09T07:00:00Z;17.029
2011-04-09T08:00:00Z;19.114
2011-04-09T09:00:00Z;21.365
2011-04-09T10:00:00Z;22.973
2011-04-09T11:00:00Z;23.991
2011-04-09T12:00:00Z;24.584
2011-04-09T13:00:00Z;24.805
2011-04-09T14:00:00Z;24.651
2011-04-09T15:00:00Z;24.154
2011-04-09T16:00:00Z;23.103
2011-04-09T17:00:00Z;21.017
2011-04-09T18:00:00Z;17.991
2011-04-09T19:00:00Z;16.435
2011-04-09T20:00:00Z;15.723
2011-04-09T21:00:00Z;15.336
2011-04-09T22:00:00Z;15.032
2011-04-09T23:00:00Z;14.693
2011-04-10T00:00:00Z;14.267
2011-04-10T01:00:00Z;13.86
2011-04-10T02:00:00Z;13.508
2011-04-10T03:00:00Z;13.148
2011-04-10T04:00:00Z;12.716
2011-04-10T05:00:00Z;12.438
2011-04-10T06:00:00Z;13.443
2011-04-10T07:00:00Z;15.414
2011-04-10T08:00:00Z;17.703
2011-04-10T09:00:00Z;19.61
2011-04-10T10:00:00Z;20.95
2011-04-10T11:00:00Z;21.873
2011-04-10T12:00:00Z;22.422
2011-04-10T13:00:00Z;22.605
2011-04-10T14:00:00Z;22.413
2011-04-10T15:00:00Z;21.845
2011-04-10T16:00:00Z;20.864
2011-04-10T17:00:00Z;19.238
2011-04-10T18:00:00Z;16.703
2011-04-10T19:00:00Z;15.207
2011-04-10T20:00:00Z;14.466
2011-04-10T21:00:00Z;13.94
2011-04-10T22:00:00Z;13.486
2011-04-10T23:00:00Z;13.01
2011-04-11T00:00:00Z;12.551
2011-04-11T01:00:00Z;12.139
2011-04-11T02:00:00Z;11.799
2011-04-11T03:00:00Z;11.474
2011-04-11T04:00:00Z;11.258
2011-04-11T05:00:00Z;11.076
2011-04-11T06:00:00Z;12.084
2011-04-11T07:00:00Z;13.827
2011-04-11T08:00:00Z;15.704
2011-04-11T09:00:00Z;17.248
2011-04-11T10:00:00Z;18.499
2011-04-11T11:00:00Z;19.498
2011-04-11T12:00:00Z;20.218
2011-04-11T13:00:00Z;20.598
2011-04-11T14:00:00Z;20.602
2011-04-11T15:00:00Z;20.297
2011-04-11T16:00:00Z;19.619
2011-04-11T17:00:00Z;18.283
2011-04-11T18:00:00Z;15.87
2011-04-11T19:00:00Z;14.552
2011-04-11T20:00:00Z;13.945
2011-04-11T21:00:00Z;13.322
2011-04-11T22:00:00Z;12.716
2011-04-11T23:00:00Z;12.163
2011-04-12T00:00:00Z;11.707
2011-04-12T01:00:00Z;11.338
2011-04-12T02:00:00Z;11.031
2011-04-12T03:00:00Z;10.758
2011-04-12T04:00:00Z;10.53
2011-04-12T05:00:00Z;10.359
2011-04-12T06:00:00Z;11.661
2011-04-12T07:00:00Z;13.685
2011-04-12T08:00:00Z;15.988
2011-04-12T09:00:00Z;17.769
2011-04-12T10:00:00Z;19.129
2011-04-12T11:00:00Z;20.15
2011-04-12T12:00:00Z;20.85
2011-04-12T13:00:00Z;21.213
2011-04-12T14:00:00Z;21.219
2011-04-12T15:00:00Z;20.908
2011-04-12T16:00:00Z;20.233
2011-04-12T17:00:00Z;18.942
2011-04-12T18:00:00Z;16.406
2011-04-12T19:00:00Z;14.719
2011-04-12T20:00:00Z;13.697
2011-04-12T21:00:00Z;12.857
2011-04-12T22:00:00Z;12.238
2011-04-12T23:00:00Z;11.672
2011-04-13T00:00:00Z;11.17
2011-04-13T01:00:00Z;10.765
2011-04-13T02:00:00Z;10.324
2011-04-13T03:00:00Z;10.005
2011-04-13T04:00:00Z;9.821
2011-04-13T05:00:00Z;9.741
2011-04-13T06:00:00Z;11.122
2011-04-13T07:00:00Z;13.573
2011-04-13T08:00:00Z;16.073
2011-04-13T09:00:00Z;18.359
2011-04-13T10:00:00Z;19.949
2011-04-13T11:00:00Z;20.983
2011-04-13T12:00:00Z;21.645
2011-04-13T13:00:00Z;21.99
2011-04-13T14:00:00Z;21.995
2011-04-13T15:00:00Z;21.684
2011-04-13T16:00:00Z;20.948
2011-04-13T17:00:00Z;19.466
2011-04-13T18:00:00Z;16.738
2011-04-13T19:00:00Z;15.203
2011-04-13T20:00:00Z;14.477
2011-04-13T21:00:00Z;13.994
2011-04-13T22:00:00Z;13.59
2011-04-13T23:00:00Z;13.208
2011-04-14T00:00:00Z;12.778
2011-04-14T01:00:00Z;12.354
2011-04-14T02:00:00Z;11.997
2011-04-14T03:00:00Z;11.58
2011-04-14T04:00:00Z;11.108
2011-04-14T05:00:00Z;10.723
2011-04-14T06:00:00Z;11.848
2011-04-14T07:00:00Z;14.144
2011-04-14T08:00:00Z;16.425
2011-04-14T09:00:00Z;18.77
2011-04-14T10:00:00Z;20.317
2011-04-14T11:00:00Z;21.302
2011-04-14T12:00:00Z;21.884
2011-04-14T13:00:00Z;22.098
2011-04-14T14:00:00Z;21.924
2011-04-14T15:00:00Z;21.428
2011-04-14T16:00:00Z;20.561
2011-04-14T17:00:00Z;19.013
2011-04-14T18:00:00Z;16.219
2011-04-14T19:00:00Z;14.527
2011-04-14T20:00:00Z;13.739
2011-04-14T21:00:00Z;13.139
2011-04-14T22:00:00Z;12.562
2011-04-14T23:00:00Z;12.009
2011-04-15T00:00:00Z;11.5
2011-04-15T01:00:00Z;11.071
2011-04-15T02:00:00Z;10.678
2011-04-15T03:00:00Z;10.285
2011-04-15T04:00:00Z;9.872
2011-04-15T05:00:00Z;9.514
2011-04-15T06:00:00Z;10.628
2011-04-15T07:00:00Z;12.681
2011-04-15T08:00:00Z;14.849
2011-04-15T09:00:00Z;16.701
2011-04-15T10:00:00Z;18.052
2011-04-15T11:00:00Z;18.984
2011-04-15T12:00:00Z;19.549
2011-04-15T13:00:00Z;19.752
2011-04-15T14:00:00Z;19.599
2011-04-15T15:00:00Z;19.209
2011-04-15T16:00:00Z;18.515
2011-04-15T17:00:00Z;17.296
2011-04-15T18:00:00Z;14.957
2011-04-15T19:00:00Z;13.332
2011-04-15T20:00:00Z;12.621
2011-04-15T21:00:00Z;12.055
2011-04-15T22:00:00Z;11.522
2011-04-15T23:00:00Z;11.04
2011-04-16T00:00:00Z;10.643
2011-04-16T01:00:00Z;10.317
2011-04-16T02:00:00Z;10.012
2011-04-16T03:00:00Z;9.793
2011-04-16T04:00:00Z;9.657
2011-04-16T05:00:00Z;9.604
2011-04-16T06:00:00Z;10.798
2011-04-16T07:00:00Z;12.586
2011-04-16T08:00:00Z;14.5
2011-04-16T09:00:00Z;16.11
2011-04-16T10:00:00Z;17.353
2011-04-16T11:00:00Z;18.296
2011-04-16T12:00:00Z;18.942
2011-04-16T13:00:00Z;19.274
2011-04-16T14:00:00Z;19.317
2011-04-16T15:00:00Z;19.046
2011-04-16T16:00:00Z;18.412
2011-04-16T17:00:00Z;17.321
2011-04-16T18:00:00Z;15.029
2011-04-16T19:00:00Z;13.312
2011-04-16T20:00:00Z;12.461
2011-04-16T21:00:00Z;11.797
2011-04-16T22:00:00Z;11.273
2011-04-16T23:00:00Z;10.84
2011-04-17T00:00:00Z;10.461
2011-04-17T01:00:00Z;10.133
2011-04-17T02:00:00Z;9.85
2011-04-17T03:00:00Z;9.597
2011-04-17T04:00:00Z;9.342
2011-04-17T05:00:00Z;9.212
2011-04-17T06:00:00Z;10.72
2011-04-17T07:00:00Z;12.787
2011-04-17T08:00:00Z;15.024
2011-04-17T09:00:00Z;16.866
2011-04-17T10:00:00Z;18.164
2011-04-17T11:00:00Z;19.083
2011-04-17T12:00:00Z;19.681
2011-04-17T13:00:00Z;19.973
2011-04-17T14:00:00Z;19.955
2011-04-17T15:00:00Z;19.653
2011-04-17T16:00:00Z;19.001
2011-04-17T17:00:00Z;17.834
2011-04-17T18:00:00Z;15.505
2011-04-17T19:00:00Z;13.875
2011-04-17T20:00:00Z;13.076
2011-04-17T21:00:00Z;12.409
2011-04-17T22:00:00Z;11.875
2011-04-17T23:00:00Z;11.394
2011-04-18T00:00:00Z;10.93
2011-04-18T01:00:00Z;10.497
2011-04-18T02:00:00Z;10.152
2011-04-18T03:00:00Z;9.887
2011-04-18T04:00:00Z;9.657
2011-04-18T05:00:00Z;9.556
2011-04-18T06:00:00Z;11.08
2011-04-18T07:00:00Z;13.138
2011-04-18T08:00:00Z;15.209
2011-04-18T09:00:00Z;16.871
2011-04-18T10:00:00Z;18.027
2011-04-18T11:00:00Z;18.91
2011-04-18T12:00:00Z;19.538
2011-04-18T13:00:00Z;19.766
2011-04-18T14:00:00Z;19.563
2011-04-18T15:00:00Z;19.096
2011-04-18T16:00:00Z;18.459
2011-04-18T17:00:00Z;17.404
2011-04-18T18:00:00Z;15.404
2011-04-18T19:00:00Z;14.045
2011-04-18T20:00:00Z;13.414
2011-04-18T21:00:00Z;12.878
2011-04-18T22:00:00Z;12.461
2011-04-18T23:00:00Z;12.122
2011-04-19T00:00:00Z;11.784
2011-04-19T01:00:00Z;11.473
2011-04-19T02:00:00Z;11.149
2011-04-19T03:00:00Z;10.882
2011-04-19T04:00:00Z;10.713
2011-04-19T05:00:00Z;10.661
2011-04-19T06:00:00Z;11.624
2011-04-19T07:00:00Z;12.985
2011-04-19T08:00:00Z;14.541
2011-04-19T09:00:00Z;15.857
2011-04-19T10:00:00Z;16.765
2011-04-19T11:00:00Z;17.395
2011-04-19T12:00:00Z;17.836
2011-04-19T13:00:00Z;18.12
2011-04-19T14:00:00Z;18.146
2011-04-19T15:00:00Z;17.972
2011-04-19T16:00:00Z;17.491
2011-04-19T17:00:00Z;16.597
2011-04-19T18:00:00Z;15.004
2011-04-19T19:00:00Z;13.85
2011-04-19T20:00:00Z;13.332
2011-04-19T21:00:00Z;12.926
2011-04-19T22:00:00Z;12.604
2011-04-19T23:00:00Z;12.344
2011-04-20T00:00:00Z;12.121
2011-04-20T01:00:00Z;11.994
2011-04-20T02:00:00Z;11.879
2011-04-20T03:00:00Z;11.788
2011-04-20T04:00:00Z;11.678
2011-04-20T05:00:00Z;11.622
2011-04-20T06:00:00Z;12.397
2011-04-20T07:00:00Z;13.594
2011-04-20T08:00:00Z;15.063
2011-04-20T09:00:00Z;16.496
2011-04-20T10:00:00Z;17.517
2011-04-20T11:00:00Z;18.177
2011-04-20T12:00:00Z;18.581
2011-04-20T13:00:00Z;18.738
2011-04-20T14:00:00Z;18.622
2011-04-20T15:00:00Z;18.339
2011-04-20T16:00:00Z;17.831
2011-04-20T17:00:00Z;16.969
2011-04-20T18:00:00Z;15.381
2011-04-20T19:00:00Z;14.197
2011-04-20T20:00:00Z;13.631
2011-04-20T21:00:00Z;13.222
2011-04-20T22:00:00Z;12.924
2011-04-20T23:00:00Z;12.578
2011-04-21T00:00:00Z;12.257
2011-04-21T01:00:00Z;11.988
2011-04-21T02:00:00Z;11.758
2011-04-21T03:00:00Z;11.652
2011-04-21T04:00:00Z;11.66
2011-04-21T05:00:00Z;11.677
2011-04-21T06:00:00Z;12.482
2011-04-21T07:00:00Z;13.675
2011-04-21T08:00:00Z;15.103
2011-04-21T09:00:00Z;16.375
2011-04-21T10:00:00Z;17.34
2011-04-21T11:00:00Z;18.015
2011-04-21T12:00:00Z;18.404
2011-04-21T13:00:00Z;18.546
2011-04-21T14:00:00Z;18.359
2011-04-21T15:00:00Z;17.826
2011-04-21T16:00:00Z;17.003
2011-04-21T17:00:00Z;15.932
2011-04-21T18:00:00Z;14.703
2011-04-21T19:00:00Z;13.804
2011-04-21T20:00:00Z;13.339
2011-04-21T21:00:00Z;12.905
2011-04-21T22:00:00Z;12.47
2011-04-21T23:00:00Z;12.135
2011-04-22T00:00:00Z;11.837
2011-04-22T01:00:00Z;11.511
2011-04-22T02:00:00Z;11.162
2011-04-22T03:00:00Z;10.868
2011-04-22T04:00:00Z;10.649
2011-04-22T05:00:00Z;10.563
2011-04-22T06:00:00Z;11.219
2011-04-22T07:00:00Z;12.217
2011-04-22T08:00:00Z;13.387
2011-04-22T09:00:00Z;14.355
2011-04-22T10:00:00Z;14.958
2011-04-22T11:00:00Z;15.352
2011-04-22T12:00:00Z;15.567
2011-04-22T13:00:00Z;15.639
2011-04-22T14:00:00Z;15.452
2011-04-22T15:00:00Z;15.137
2011-04-22T16:00:00Z;14.715
2011-04-22T17:00:00Z;14.092
2011-04-22T18:00:00Z;13.134
2011-04-22T19:00:00Z;12.337
2011-04-22T20:00:00Z;11.985
2011-04-22T21:00:00Z;11.691
2011-04-22T22:00:00Z;11.432
2011-04-22T23:00:00Z;11.202
2011-04-23T00:00:00Z;10.992
2011-04-23T01:00:00Z;10.784
2011-04-23T02:00:00Z;10.59
2011-04-23T03:00:00Z;10.416
2011-04-23T04:00:00Z;10.247
2011-04-23T05:00:00Z;10.218
2011-04-23T06:00:00Z;11.164
2011-04-23T07:00:00Z;12.243
2011-04-23T08:00:00Z;13.438
2011-04-23T09:00:00Z;14.457
2011-04-23T10:00:00Z;15.252
2011-04-23T11:00:00Z;15.758
2011-04-23T12:00:00Z;16.038
2011-04-23T13:00:00Z;16.103
2011-04-23T14:00:00Z;15.96
2011-04-23T15:00:00Z;15.694
2011-04-23T16:00:00Z;15.356
2011-04-23T17:00:00Z;14.821
2011-04-23T18:00:00Z;13.721
2011-04-23T19:00:00Z;12.748
2011-04-23T20:00:00Z;12.391
2011-04-23T21:00:00Z;12.09
2011-04-23T22:00:00Z;11.716
2011-04-23T23:00:00Z;11.363
2011-04-24T00:00:00Z;11.1
2011-04-24T01:00:00Z;10.859
2011-04-24T02:00:00Z;10.653
2011-04-24T03:00:00Z;10.5
2011-04-24T04:00:00Z;10.396
2011-04-24T05:00:00Z;10.453
2011-04-24T06:00:00Z;11.605
2011-04-24T07:00:00Z;12.901
2011-04-24T08:00:00Z;14.365
2011-04-24T09:00:00Z;15.461
2011-04-24T10:00:00Z;16.08
2011-04-24T11:00:00Z;16.511
2011-04-24T12:00:00Z;16.828
2011-04-24T13:00:00Z;16.992
2011-04-24T14:00:00Z;16.994
2011-04-24T15:00:00Z;16.825
2011-04-24T16:00:00Z;16.467
2011-04-24T17:00:00Z;15.78
2011-04-24T18:00:00Z;14.452
2011-04-24T19:00:00Z;13.399
2011-04-24T20:00:00Z;12.95
2011-04-24T21:00:00Z;12.542
2011-04-24T22:00:00Z;12.228
2011-04-24T23:00:00Z;11.947
2011-04-25T00:00:00Z;11.7
2011-04-25T01:00:00Z;11.53
2011-04-25T02:00:00Z;11.375
2011-04-25T03:00:00Z;11.159
2011-04-25T04:00:00Z;10.92
2011-04-25T05:00:00Z;10.878
2011-04-25T06:00:00Z;12.044
2011-04-25T07:00:00Z;13.561
2011-04-25T08:00:00Z;15.258
2011-04-25T09:00:00Z;16.563
2011-04-25T10:00:00Z;17.398
2011-04-25T11:00:00Z;17.955
2011-04-25T12:00:00Z;18.289
2011-04-25T13:00:00Z;18.427
2011-04-25T14:00:00Z;18.326
2011-04-25T15:00:00Z;18.091
2011-04-25T16:00:00Z;17.677
2011-04-25T17:00:00Z;16.952
2011-04-25T18:00:00Z;15.602
2011-04-25T19:00:00Z;14.389
2011-04-25T20:00:00Z;13.765
2011-04-25T21:00:00Z;13.242
2011-04-25T22:00:00Z;12.796
2011-04-25T23:00:00Z;12.36
2011-04-26T00:00:00Z;12.009
2011-04-26T01:00:00Z;11.663
2011-04-26T02:00:00Z;11.342
2011-04-26T03:00:00Z;11.061
2011-04-26T04:00:00Z;10.799
2011-04-26T05:00:00Z;10.766
2011-04-26T06:00:00Z;12.277
2011-04-26T07:00:00Z;14.186
2011-04-26T08:00:00Z;16.392
2011-04-26T09:00:00Z;17.966
2011-04-26T10:00:00Z;19.03
2011-04-26T11:00:00Z;19.783
2011-04-26T12:00:00Z;20.226
2011-04-26T13:00:00Z;20.397
2011-04-26T14:00:00Z;20.305
2011-04-26T15:00:00Z;20.026
2011-04-26T16:00:00Z;19.57
2011-04-26T17:00:00Z;18.721
2011-04-26T18:00:00Z;16.855
2011-04-26T19:00:00Z;15.268
2011-04-26T20:00:00Z;14.574
2011-04-26T21:00:00Z;13.97
2011-04-26T22:00:00Z;13.412
2011-04-26T23:00:00Z;12.851
2011-04-27T00:00:00Z;12.312
2011-04-27T01:00:00Z;11.803
2011-04-27T02:00:00Z;11.374
2011-04-27T03:00:00Z;10.969
2011-04-27T04:00:00Z;10.598
2011-04-27T05:00:00Z;10.545
2011-04-27T06:00:00Z;12.268
2011-04-27T07:00:00Z;14.443
2011-04-27T08:00:00Z;17.018
2011-04-27T09:00:00Z;18.826
2011-04-27T10:00:00Z;19.944
2011-04-27T11:00:00Z;20.701
2011-04-27T12:00:00Z;21.157
2011-04-27T13:00:00Z;21.346
2011-04-27T14:00:00Z;21.262
2011-04-27T15:00:00Z;20.922
2011-04-27T16:00:00Z;20.318
2011-04-27T17:00:00Z;19.353
2011-04-27T18:00:00Z;17.426
2011-04-27T19:00:00Z;15.647
2011-04-27T20:00:00Z;14.765
2011-04-27T21:00:00Z;14.167
2011-04-27T22:00:00Z;13.651
2011-04-27T23:00:00Z;13.103
2011-04-28T00:00:00Z;12.633
2011-04-28T01:00:00Z;12.25
2011-04-28T02:00:00Z;11.96
2011-04-28T03:00:00Z;11.719
2011-04-28T04:00:00Z;11.425
2011-04-28T05:00:00Z;11.333
2011-04-28T06:00:00Z;12.883
2011-04-28T07:00:00Z;14.966
2011-04-28T08:00:00Z;17.293
2011-04-28T09:00:00Z;18.992
2011-04-28T10:00:00Z;19.919
2011-04-28T11:00:00Z;20.485
2011-04-28T12:00:00Z;20.779
2011-04-28T13:00:00Z;20.802
2011-04-28T14:00:00Z;20.587
2011-04-28T15:00:00Z;20.194
2011-04-28T16:00:00Z;19.571
2011-04-28T17:00:00Z;18.627
2011-04-28T18:00:00Z;16.948
2011-04-28T19:00:00Z;15.449
2011-04-28T20:00:00Z;14.804
2011-04-28T21:00:00Z;14.376
2011-04-28T22:00:00Z;14.003
2011-04-28T23:00:00Z;13.519
2011-04-29T00:00:00Z;13.093
2011-04-29T01:00:00Z;12.73
2011-04-29T02:00:00Z;12.347
2011-04-29T03:00:00Z;11.979
2011-04-29T04:00:00Z;11.679
2011-04-29T05:00:00Z;11.663
2011-04-29T06:00:00Z;12.606
2011-04-29T07:00:00Z;13.858
2011-04-29T08:00:00Z;15.192
2011-04-29T09:00:00Z;16.259
2011-04-29T10:00:00Z;17.059
2011-04-29T11:00:00Z;17.573
2011-04-29T12:00:00Z;17.788
2011-04-29T13:00:00Z;17.709
2011-04-29T14:00:00Z;17.478
2011-04-29T15:00:00Z;17.071
2011-04-29T16:00:00Z;16.49
2011-04-29T17:00:00Z;15.71
2011-04-29T18:00:00Z;14.58
2011-04-29T19:00:00Z;13.431
2011-04-29T20:00:00Z;12.88
2011-04-29T21:00:00Z;12.483
2011-04-29T22:00:00Z;12.151
2011-04-29T23:00:00Z;11.848
2011-04-30T00:00:00Z;11.603
2011-04-30T01:00:00Z;11.423
2011-04-30T02:00:00Z;11.284
2011-04-30T03:00:00Z;11.161
2011-04-30T04:00:00Z;11.052
2011-04-30T05:00:00Z;11.173
2011-04-30T06:00:00Z;12.176
2011-04-30T07:00:00Z;13.353
2011-04-30T08:00:00Z;14.668
2011-04-30T09:00:00Z;15.748
2011-04-30T10:00:00Z;16.572
2011-04-30T11:00:00Z;17.078
2011-04-30T12:00:00Z;17.41
2011-04-30T13:00:00Z;17.545
2011-04-30T14:00:00Z;17.429
2011-04-30T15:00:00Z;17.065
2011-04-30T16:00:00Z;16.501
2011-04-30T17:00:00Z;15.746
2011-04-30T18:00:00Z;14.594
2011-04-30T19:00:00Z;13.484
2011-04-30T20:00:00Z;12.991
2011-04-30T21:00:00Z;12.607
2011-04-30T22:00:00Z;12.313
2011-04-30T23:00:00Z;12.052
2011-05-01T00:00:00Z;11.713
2011-05-01T01:00:00Z;11.352
2011-05-01T02:00:00Z;11.081
2011-05-01T03:00:00Z;10.877
2011-05-01T04:00:00Z;10.709
2011-05-01T05:00:00Z;10.804
2011-05-01T06:00:00Z;12.001
2011-05-01T07:00:00Z;13.5
2011-05-01T08:00:00Z;15.194
2011-05-01T09:00:00Z;16.52
2011-05-01T10:00:00Z;17.447
2011-05-01T11:00:00Z;18.086
2011-05-01T12:00:00Z;18.54
2011-05-01T13:00:00Z;18.802
2011-05-01T14:00:00Z;18.801
2011-05-01T15:00:00Z;18.525
2011-05-01T16:00:00Z;17.994
2011-05-01T17:00:00Z;17.206
2011-05-01T18:00:00Z;15.922
2011-05-01T19:00:00Z;14.664
2011-05-01T20:00:00Z;13.979
2011-05-01T21:00:00Z;13.464
2011-05-01T22:00:00Z;13.015
2011-05-01T23:00:00Z;12.674
2011-05-02T00:00:00Z;12.337
2011-05-02T01:00:00Z;12.062
2011-05-02T02:00:00Z;11.862
2011-05-02T03:00:00Z;11.73
2011-05-02T04:00:00Z;11.67
2011-05-02T05:00:00Z;11.77
2011-05-02T06:00:00Z;12.712
2011-05-02T07:00:00Z;13.877
2011-05-02T08:00:00Z;15.203
2011-05-02T09:00:00Z;16.235
2011-05-02T10:00:00Z;17.022
2011-05-02T11:00:00Z;17.628
2011-05-02T12:00:00Z;18.09
2011-05-02T13:00:00Z;18.314
2011-05-02T14:00:00Z;18.22
2011-05-02T15:00:00Z;17.918
2011-05-02T16:00:00Z;17.472
2011-05-02T17:00:00Z;16.803
2011-05-02T18:00:00Z;15.575
2011-05-02T19:00:00Z;14.404
2011-05-02T20:00:00Z;13.943
2011-05-02T21:00:00Z;13.604
2011-05-02T22:00:00Z;13.32
2011-05-02T23:00:00Z;13.041
2011-05-03T00:00:00Z;12.801
2011-05-03T01:00:00Z;12.565
2011-05-03T02:00:00Z;12.329
2011-05-03T03:00:00Z;12.088
2011-05-03T04:00:00Z;11.843
2011-05-03T05:00:00Z;11.94
2011-05-03T06:00:00Z;13.46
2011-05-03T07:00:00Z;15.23
2011-05-03T08:00:00Z;17.078
2011-05-03T09:00:00Z;18.416
2011-05-03T10:00:00Z;19.312
2011-05-03T11:00:00Z;19.926
2011-05-03T12:00:00Z;20.333
2011-05-03T13:00:00Z;20.49
2011-05-03T14:00:00Z;20.383
2011-05-03T15:00:00Z;20.089
2011-05-03T16:00:00Z;19.563
2011-05-03T17:00:00Z;18.71
2011-05-03T18:00:00Z;17.107
2011-05-03T19:00:00Z;15.337
2011-05-03T20:00:00Z;14.503
2011-05-03T21:00:00Z;13.893
2011-05-03T22:00:00Z;13.374
2011-05-03T23:00:00Z;12.865
2011-05-04T00:00:00Z;12.404
2011-05-04T01:00:00Z;12.009
2011-05-04T02:00:00Z;11.626
2011-05-04T03:00:00Z;11.299
2011-05-04T04:00:00Z;11.019
2011-05-04T05:00:00Z;11.11
2011-05-04T06:00:00Z;12.807
2011-05-04T07:00:00Z;14.906
2011-05-04T08:00:00Z;17.381
2011-05-04T09:00:00Z;18.899
2011-05-04T10:00:00Z;19.87
2011-05-04T11:00:00Z;20.564
2011-05-04T12:00:00Z;20.994
2011-05-04T13:00:00Z;21.158
2011-05-04T14:00:00Z;21.058
2011-05-04T15:00:00Z;20.717
2011-05-04T16:00:00Z;20.133
2011-05-04T17:00:00Z;19.169
2011-05-04T18:00:00Z;17.376
2011-05-04T19:00:00Z;15.438
2011-05-04T20:00:00Z;14.617
2011-05-04T21:00:00Z;14.007
2011-05-04T22:00:00Z;13.497
2011-05-04T23:00:00Z;13.068
2011-05-05T00:00:00Z;12.752
2011-05-05T01:00:00Z;12.55
2011-05-05T02:00:00Z;12.419
2011-05-05T03:00:00Z;12.292
2011-05-05T04:00:00Z;12.07
2011-05-05T05:00:00Z;12.051
2011-05-05T06:00:00Z;13.495
2011-05-05T07:00:00Z;15.362
2011-05-05T08:00:00Z;17.608
2011-05-05T09:00:00Z;19.155
2011-05-05T10:00:00Z;20.227
2011-05-05T11:00:00Z;20.981
2011-05-05T12:00:00Z;21.474
2011-05-05T13:00:00Z;21.71
2011-05-05T14:00:00Z;21.693
2011-05-05T15:00:00Z;21.398
2011-05-05T16:00:00Z;20.849
2011-05-05T17:00:00Z;19.943
2011-05-05T18:00:00Z;18.255
2011-05-05T19:00:00Z;16.441
2011-05-05T20:00:00Z;15.638
2011-05-05T21:00:00Z;15.054
2011-05-05T22:00:00Z;14.588
2011-05-05T23:00:00Z;14.167
2011-05-06T00:00:00Z;13.808
2011-05-06T01:00:00Z;13.478
2011-05-06T02:00:00Z;13.198
2011-05-06T03:00:00Z;12.961
2011-05-06T04:00:00Z;12.787
2011-05-06T05:00:00Z;13.013
2011-05-06T06:00:00Z;14.306
2011-05-06T07:00:00Z;15.836
2011-05-06T08:00:00Z;17.517
2011-05-06T09:00:00Z;18.942
2011-05-06T10:00:00Z;19.963
2011-05-06T11:00:00Z;20.615
2011-05-06T12:00:00Z;20.965
2011-05-06T13:00:00Z;21.098
2011-05-06T14:00:00Z;20.957
2011-05-06T15:00:00Z;20.599
2011-05-06T16:00:00Z;19.971
2011-05-06T17:00:00Z;19.01
2011-05-06T18:00:00Z;17.68
2011-05-06T19:00:00Z;16.39
2011-05-06T20:00:00Z;15.777
2011-05-06T21:00:00Z;15.283
2011-05-06T22:00:00Z;14.893
2011-05-06T23:00:00Z;14.552
2011-05-07T00:00:00Z;14.266
2011-05-07T01:00:00Z;14.049
2011-05-07T02:00:00Z;13.864
2011-05-07T03:00:00Z;13.703
2011-05-07T04:00:00Z;13.575
2011-05-07T05:00:00Z;13.628
2011-05-07T06:00:00Z;14.247
2011-05-07T07:00:00Z;14.965
2011-05-07T08:00:00Z;15.732
2011-05-07T09:00:00Z;16.487
2011-05-07T10:00:00Z;17.184
2011-05-07T11:00:00Z;17.753
2011-05-07T12:00:00Z;18.211
2011-05-07T13:00:00Z;18.501
2011-05-07T14:00:00Z;18.523
2011-05-07T15:00:00Z;18.289
2011-05-07T16:00:00Z;17.897
2011-05-07T17:00:00Z;17.213
2011-05-07T18:00:00Z;15.968
2011-05-07T19:00:00Z;14.296
2011-05-07T20:00:00Z;13.612
2011-05-07T21:00:00Z;13.118
2011-05-07T22:00:00Z;12.686
2011-05-07T23:00:00Z;12.252
2011-05-08T00:00:00Z;11.857
2011-05-08T01:00:00Z;11.499
2011-05-08T02:00:00Z;11.185
2011-05-08T03:00:00Z;10.877
2011-05-08T04:00:00Z;10.602
2011-05-08T05:00:00Z;10.76
2011-05-08T06:00:00Z;12.385
2011-05-08T07:00:00Z;14.432
2011-05-08T08:00:00Z;16.449
2011-05-08T09:00:00Z;18.034
2011-05-08T10:00:00Z;19.301
2011-05-08T11:00:00Z;20.353
2011-05-08T12:00:00Z;21.145
2011-05-08T13:00:00Z;21.646
2011-05-08T14:00:00Z;21.798
2011-05-08T15:00:00Z;21.613
2011-05-08T16:00:00Z;21.115
2011-05-08T17:00:00Z;20.18
2011-05-08T18:00:00Z;18.227
2011-05-08T19:00:00Z;16.049
2011-05-08T20:00:00Z;15.163
2011-05-08T21:00:00Z;14.622
2011-05-08T22:00:00Z;14.291
2011-05-08T23:00:00Z;13.903
2011-05-09T00:00:00Z;13.462
2011-05-09T01:00:00Z;13.008
2011-05-09T02:00:00Z;12.711
2011-05-09T03:00:00Z;12.391
2011-05-09T04:00:00Z;12.041
2011-05-09T05:00:00Z;12.165
2011-05-09T06:00:00Z;14.348
2011-05-09T07:00:00Z;16.544
2011-05-09T08:00:00Z;18.843
2011-05-09T09:00:00Z;20.505
2011-05-09T10:00:00Z;21.61
2011-05-09T11:00:00Z;22.437
2011-05-09T12:00:00Z;23.008
2011-05-09T13:00:00Z;23.314
2011-05-09T14:00:00Z;23.318
2011-05-09T15:00:00Z;23.033
2011-05-09T16:00:00Z;22.375
2011-05-09T17:00:00Z;21.291
2011-05-09T18:00:00Z;19.341
2011-05-09T19:00:00Z;17.19
2011-05-09T20:00:00Z;16.166
2011-05-09T21:00:00Z;15.334
2011-05-09T22:00:00Z;14.714
2011-05-09T23:00:00Z;14.165
2011-05-10T00:00:00Z;13.66
2011-05-10T01:00:00Z;13.224
2011-05-10T02:00:00Z;12.852
2011-05-10T03:00:00Z;12.48
2011-05-10T04:00:00Z;12.173
2011-05-10T05:00:00Z;12.539
2011-05-10T06:00:00Z;14.498
2011-05-10T07:00:00Z;16.485
2011-05-10T08:00:00Z;18.555
2011-05-10T09:00:00Z;20.319
2011-05-10T10:00:00Z;21.656
2011-05-10T11:00:00Z;22.637
2011-05-10T12:00:00Z;23.292
2011-05-10T13:00:00Z;23.63
2011-05-10T14:00:00Z;23.652
2011-05-10T15:00:00Z;23.342
2011-05-10T16:00:00Z;22.659
2011-05-10T17:00:00Z;21.514
2011-05-10T18:00:00Z;19.375
2011-05-10T19:00:00Z;16.899
2011-05-10T20:00:00Z;15.868
2011-05-10T21:00:00Z;15.209
2011-05-10T22:00:00Z;14.694
2011-05-10T23:00:00Z;14.21
2011-05-11T00:00:00Z;13.783
2011-05-11T01:00:00Z;13.441
2011-05-11T02:00:00Z;13.19
2011-05-11T03:00:00Z;12.95
2011-05-11T04:00:00Z;12.71
2011-05-11T05:00:00Z;13.05
2011-05-11T06:00:00Z;14.864
2011-05-11T07:00:00Z;16.832
2011-05-11T08:00:00Z;18.938
2011-05-11T09:00:00Z;20.619
2011-05-11T10:00:00Z;21.92
2011-05-11T11:00:00Z;22.877
2011-05-11T12:00:00Z;23.469
2011-05-11T13:00:00Z;23.704
2011-05-11T14:00:00Z;23.586
2011-05-11T15:00:00Z;23.178
2011-05-11T16:00:00Z;22.462
2011-05-11T17:00:00Z;21.378
2011-05-11T18:00:00Z;19.492
2011-05-11T19:00:00Z;17.711
2011-05-11T20:00:00Z;16.92
2011-05-11T21:00:00Z;16.375
2011-05-11T22:00:00Z;15.938
2011-05-11T23:00:00Z;15.495
2011-05-12T00:00:00Z;15.067
2011-05-12T01:00:00Z;14.742
2011-05-12T02:00:00Z;14.503
2011-05-12T03:00:00Z;14.325
2011-05-12T04:00:00Z;14.119
2011-05-12T05:00:00Z;14.312
2011-05-12T06:00:00Z;15.83
2011-05-12T07:00:00Z;17.557
2011-05-12T08:00:00Z;19.403
2011-05-12T09:00:00Z;20.851
2011-05-12T10:00:00Z;21.779
2011-05-12T11:00:00Z;22.305
2011-05-12T12:00:00Z;22.519
2011-05-12T13:00:00Z;22.467
2011-05-12T14:00:00Z;22.175
2011-05-12T15:00:00Z;21.773
2011-05-12T16:00:00Z;21.196
2011-05-12T17:00:00Z;20.309
2011-05-12T18:00:00Z;18.902
2011-05-12T19:00:00Z;17.453
2011-05-12T20:00:00Z;16.84
2011-05-12T21:00:00Z;16.378
2011-05-12T22:00:00Z;15.988
2011-05-12T23:00:00Z;15.554
2011-05-13T00:00:00Z;15.14
2011-05-13T01:00:00Z;14.796
2011-05-13T02:00:00Z;14.537
2011-05-13T03:00:00Z;14.338
2011-05-13T04:00:00Z;14.187
2011-05-13T05:00:00Z;14.491
2011-05-13T06:00:00Z;16.053
2011-05-13T07:00:00Z;17.722
2011-05-13T08:00:00Z;19.558
2011-05-13T09:00:00Z;20.896
2011-05-13T10:00:00Z;21.816
2011-05-13T11:00:00Z;22.556
2011-05-13T12:00:00Z;23.185
2011-05-13T13:00:00Z;23.505
2011-05-13T14:00:00Z;23.465
2011-05-13T15:00:00Z;23.148
2011-05-13T16:00:00Z;22.604
2011-05-13T17:00:00Z;21.78
2011-05-13T18:00:00Z;20.29
2011-05-13T19:00:00Z;18.488
2011-05-13T20:00:00Z;17.636
2011-05-13T21:00:00Z;16.96
2011-05-13T22:00:00Z;16.416
2011-05-13T23:00:00Z;15.979
2011-05-14T00:00:00Z;15.598
2011-05-14T01:00:00Z;15.293
2011-05-14T02:00:00Z;15.037
2011-05-14T03:00:00Z;14.804
2011-05-14T04:00:00Z;14.565
2011-05-14T05:00:00Z;14.749
2011-05-14T06:00:00Z;16.376
2011-05-14T07:00:00Z;18.201
2011-05-14T08:00:00Z;20.191
2011-05-14T09:00:00Z;21.501
2011-05-14T10:00:00Z;22.323
2011-05-14T11:00:00Z;22.822
2011-05-14T12:00:00Z;23.043
2011-05-14T13:00:00Z;23.073
2011-05-14T14:00:00Z;22.748
2011-05-14T15:00:00Z;22.153
2011-05-14T16:00:00Z;21.23
2011-05-14T17:00:00Z;20.054
2011-05-14T18:00:00Z;18.528
2011-05-14T19:00:00Z;16.881
2011-05-14T20:00:00Z;15.859
2011-05-14T21:00:00Z;15.111
2011-05-14T22:00:00Z;14.497
2011-05-14T23:00:00Z;13.967
2011-05-15T00:00:00Z;13.457
2011-05-15T01:00:00Z;12.942
2011-05-15T02:00:00Z;12.426
2011-05-15T03:00:00Z;11.96
2011-05-15T04:00:00Z;11.558
2011-05-15T05:00:00Z;11.561
2011-05-15T06:00:00Z;12.739
2011-05-15T07:00:00Z;14.532
2011-05-15T08:00:00Z;16.544
2011-05-15T09:00:00Z;18.192
2011-05-15T10:00:00Z;19.461
2011-05-15T11:00:00Z;20.44
2011-05-15T12:00:00Z;21.124
2011-05-15T13:00:00Z;21.491
2011-05-15T14:00:00Z;21.563
2011-05-15T15:00:00Z;21.328
2011-05-15T16:00:00Z;20.741
2011-05-15T17:00:00Z;19.713
2011-05-15T18:00:00Z;17.795
2011-05-15T19:00:00Z;15.421
2011-05-15T20:00:00Z;14.393
2011-05-15T21:00:00Z;13.76
2011-05-15T22:00:00Z;13.206
2011-05-15T23:00:00Z;12.755
2011-05-16T00:00:00Z;12.387
2011-05-16T01:00:00Z;12.082
2011-05-16T02:00:00Z;11.789
2011-05-16T03:00:00Z;11.506
2011-05-16T04:00:00Z;11.316
2011-05-16T05:00:00Z;11.649
2011-05-16T06:00:00Z;12.963
2011-05-16T07:00:00Z;14.688
2011-05-16T08:00:00Z;16.592
2011-05-16T09:00:00Z;18.228
2011-05-16T10:00:00Z;19.516
2011-05-16T11:00:00Z;20.529
2011-05-16T12:00:00Z;21.23
2011-05-16T13:00:00Z;21.616
2011-05-16T14:00:00Z;21.728
2011-05-16T15:00:00Z;21.596
2011-05-16T16:00:00Z;21.111
2011-05-16T17:00:00Z;20.288
2011-05-16T18:00:00Z;18.658
2011-05-16T19:00:00Z;16.481
2011-05-16T20:00:00Z;15.452
2011-05-16T21:00:00Z;14.773
2011-05-16T22:00:00Z;14.272
2011-05-16T23:00:00Z;13.899
2011-05-17T00:00:00Z;13.602
2011-05-17T01:00:00Z;13.346
2011-05-17T02:00:00Z;13.112
2011-05-17T03:00:00Z;12.853
2011-05-17T04:00:00Z;12.582
2011-05-17T05:00:00Z;12.904
2011-05-17T06:00:00Z;14.653
2011-05-17T07:00:00Z;16.67
2011-05-17T08:00:00Z;18.739
2011-05-17T09:00:00Z;20.276
2011-05-17T10:00:00Z;21.433
2011-05-17T11:00:00Z;22.283
2011-05-17T12:00:00Z;22.821
2011-05-17T13:00:00Z;23.016
2011-05-17T14:00:00Z;22.879
2011-05-17T15:00:00Z;22.46
2011-05-17T16:00:00Z;21.83
2011-05-17T17:00:00Z;20.895
2011-05-17T18:00:00Z;19.386
2011-05-17T19:00:00Z;17.591
2011-05-17T20:00:00Z;16.699
2011-05-17T21:00:00Z;15.997
2011-05-17T22:00:00Z;15.336
2011-05-17T23:00:00Z;14.839
2011-05-18T00:00:00Z;14.457
2011-05-18T01:00:00Z;14.144
2011-05-18T02:00:00Z;13.929
2011-05-18T03:00:00Z;13.721
2011-05-18T04:00:00Z;13.528
2011-05-18T05:00:00Z;13.883
2011-05-18T06:00:00Z;15.242
2011-05-18T07:00:00Z;16.807
2011-05-18T08:00:00Z;18.286
2011-05-18T09:00:00Z;19.395
2011-05-18T10:00:00Z;20.29
2011-05-18T11:00:00Z;20.9
2011-05-18T12:00:00Z;21.191
2011-05-18T13:00:00Z;21.213
2011-05-18T14:00:00Z;21.065
2011-05-18T15:00:00Z;20.638
2011-05-18T16:00:00Z;19.906
2011-05-18T17:00:00Z;18.903
2011-05-18T18:00:00Z;17.554
2011-05-18T19:00:00Z;16.015
2011-05-18T20:00:00Z;15.292
2011-05-18T21:00:00Z;14.787
2011-05-18T22:00:00Z;14.434
2011-05-18T23:00:00Z;14.13
2011-05-19T00:00:00Z;13.875
2011-05-19T01:00:00Z;13.642
2011-05-19T02:00:00Z;13.41
2011-05-19T03:00:00Z;13.169
2011-05-19T04:00:00Z;12.971
2011-05-19T05:00:00Z;13.299
2011-05-19T06:00:00Z;14.312
2011-05-19T07:00:00Z;15.351
2011-05-19T08:00:00Z;16.576
2011-05-19T09:00:00Z;17.777
2011-05-19T10:00:00Z;18.768
2011-05-19T11:00:00Z;19.544
2011-05-19T12:00:00Z;20.127
2011-05-19T13:00:00Z;20.453
2011-05-19T14:00:00Z;20.517
2011-05-19T15:00:00Z;20.302
2011-05-19T16:00:00Z;19.801
2011-05-19T17:00:00Z;19.012
2011-05-19T18:00:00Z;17.787
2011-05-19T19:00:00Z;16.036
2011-05-19T20:00:00Z;15.191
2011-05-19T21:00:00Z;14.691
2011-05-19T22:00:00Z;14.3
2011-05-19T23:00:00Z;13.933
2011-05-20T00:00:00Z;13.604
2011-05-20T01:00:00Z;13.307
2011-05-20T02:00:00Z;12.984
2011-05-20T03:00:00Z;12.649
2011-05-20T04:00:00Z;12.357
2011-05-20T05:00:00Z;12.861
2011-05-20T06:00:00Z;14.754
2011-05-20T07:00:00Z;16.75
2011-05-20T08:00:00Z;18.467
2011-05-20T09:00:00Z;19.74
2011-05-20T10:00:00Z;20.738
2011-05-20T11:00:00Z;21.507
2011-05-20T12:00:00Z;22.047
2011-05-20T13:00:00Z;22.336
2011-05-20T14:00:00Z;22.339
2011-05-20T15:00:00Z;22.098
2011-05-20T16:00:00Z;21.607
2011-05-20T17:00:00Z;20.805
2011-05-20T18:00:00Z;19.339
2011-05-20T19:00:00Z;17.223
2011-05-20T20:00:00Z;16.303
2011-05-20T21:00:00Z;15.726
2011-05-20T22:00:00Z;15.154
2011-05-20T23:00:00Z;14.615
2011-05-21T00:00:00Z;14.121
2011-05-21T01:00:00Z;13.716
2011-05-21T02:00:00Z;13.377
2011-05-21T03:00:00Z;13.043
2011-05-21T04:00:00Z;12.723
2011-05-21T05:00:00Z;13.348
2011-05-21T06:00:00Z;15.572
2011-05-21T07:00:00Z;17.868
2011-05-21T08:00:00Z;20.203
2011-05-21T09:00:00Z;21.76
2011-05-21T10:00:00Z;22.787
2011-05-21T11:00:00Z;23.504
2011-05-21T12:00:00Z;23.959
2011-05-21T13:00:00Z;24.153
2011-05-21T14:00:00Z;24.065
2011-05-21T15:00:00Z;23.74
2011-05-21T16:00:00Z;23.156
2011-05-21T17:00:00Z;22.233
2011-05-21T18:00:00Z;20.664
2011-05-21T19:00:00Z;18.643
2011-05-21T20:00:00Z;17.668
2011-05-21T21:00:00Z;17.03
2011-05-21T22:00:00Z;16.505
2011-05-21T23:00:00Z;15.973
2011-05-22T00:00:00Z;15.484
2011-05-22T01:00:00Z;15.059
2011-05-22T02:00:00Z;14.705
2011-05-22T03:00:00Z;14.434
2011-05-22T04:00:00Z;14.217
2011-05-22T05:00:00Z;14.707
2011-05-22T06:00:00Z;16.539
2011-05-22T07:00:00Z;18.638
2011-05-22T08:00:00Z;20.674
2011-05-22T09:00:00Z;22.008
2011-05-22T10:00:00Z;22.973
2011-05-22T11:00:00Z;23.689
2011-05-22T12:00:00Z;24.146
2011-05-22T13:00:00Z;24.333
2011-05-22T14:00:00Z;24.255
2011-05-22T15:00:00Z;24.0
2011-05-22T16:00:00Z;23.546
2011-05-22T17:00:00Z;22.795
2011-05-22T18:00:00Z;21.315
2011-05-22T19:00:00Z;19.276
2011-05-22T20:00:00Z;18.221
2011-05-22T21:00:00Z;17.492
2011-05-22T22:00:00Z;16.851
2011-05-22T23:00:00Z;16.305
2011-05-23T00:00:00Z;15.852
2011-05-23T01:00:00Z;15.403
2011-05-23T02:00:00Z;14.968
2011-05-23T03:00:00Z;14.549
2011-05-23T04:00:00Z;14.218
2011-05-23T05:00:00Z;14.824
2011-05-23T06:00:00Z;16.876
2011-05-23T07:00:00Z;19.22
2011-05-23T08:00:00Z;21.734
2011-05-23T09:00:00Z;23.399
2011-05-23T10:00:00Z;24.563
2011-05-23T11:00:00Z;25.404
2011-05-23T12:00:00Z;25.937
2011-05-23T13:00:00Z;26.206
2011-05-23T14:00:00Z;26.172
2011-05-23T15:00:00Z;25.893
2011-05-23T16:00:00Z;25.306
2011-05-23T17:00:00Z;24.326
2011-05-23T18:00:00Z;22.521
2011-05-23T19:00:00Z;20.219
2011-05-23T20:00:00Z;19.178
2011-05-23T21:00:00Z;18.402
2011-05-23T22:00:00Z;17.756
2011-05-23T23:00:00Z;17.288
2011-05-24T00:00:00Z;16.883
2011-05-24T01:00:00Z;16.528
2011-05-24T02:00:00Z;16.203
2011-05-24T03:00:00Z;15.89
2011-05-24T04:00:00Z;15.565
2011-05-24T05:00:00Z;16.058
2011-05-24T06:00:00Z;18.182
2011-05-24T07:00:00Z;20.452
2011-05-24T08:00:00Z;22.751
2011-05-24T09:00:00Z;24.335
2011-05-24T10:00:00Z;25.454
2011-05-24T11:00:00Z;26.23
2011-05-24T12:00:00Z;26.703
2011-05-24T13:00:00Z;26.914
2011-05-24T14:00:00Z;26.875
2011-05-24T15:00:00Z;26.604
2011-05-24T16:00:00Z;26.02
2011-05-24T17:00:00Z;25.07
2011-05-24T18:00:00Z;23.224
2011-05-24T19:00:00Z;20.726
2011-05-24T20:00:00Z;19.629
2011-05-24T21:00:00Z;19.015
2011-05-24T22:00:00Z;18.512
2011-05-24T23:00:00Z;17.99
2011-05-25T00:00:00Z;17.413
2011-05-25T01:00:00Z;16.877
2011-05-25T02:00:00Z;16.411
2011-05-25T03:00:00Z;16.007
2011-05-25T04:00:00Z;15.681
2011-05-25T05:00:00Z;16.287
2011-05-25T06:00:00Z;18.523
2011-05-25T07:00:00Z;20.733
2011-05-25T08:00:00Z;23.193
2011-05-25T09:00:00Z;25.09
2011-05-25T10:00:00Z;26.351
2011-05-25T11:00:00Z;27.229
2011-05-25T12:00:00Z;27.749
2011-05-25T13:00:00Z;27.938
2011-05-25T14:00:00Z;27.806
2011-05-25T15:00:00Z;27.369
2011-05-25T16:00:00Z;26.631
2011-05-25T17:00:00Z;25.522
2011-05-25T18:00:00Z;23.493
2011-05-25T19:00:00Z;21.02
2011-05-25T20:00:00Z;19.984
2011-05-25T21:00:00Z;19.313
2011-05-25T22:00:00Z;18.754
2011-05-25T23:00:00Z;18.303
2011-05-26T00:00:00Z;17.934
2011-05-26T01:00:00Z;17.618
2011-05-26T02:00:00Z;17.308
2011-05-26T03:00:00Z;17.026
2011-05-26T04:00:00Z;16.708
2011-05-26T05:00:00Z;17.029
2011-05-26T06:00:00Z;18.549
2011-05-26T07:00:00Z;20.279
2011-05-26T08:00:00Z;22.16
2011-05-26T09:00:00Z;23.552
2011-05-26T10:00:00Z;24.514
2011-05-26T11:00:00Z;25.221
2011-05-26T12:00:00Z;25.673
2011-05-26T13:00:00Z;25.746
2011-05-26T14:00:00Z;25.409
2011-05-26T15:00:00Z;24.712
2011-05-26T16:00:00Z;23.707
2011-05-26T17:00:00Z;22.417
2011-05-26T18:00:00Z;20.888
2011-05-26T19:00:00Z;19.498
2011-05-26T20:00:00Z;18.75
2011-05-26T21:00:00Z;18.242
2011-05-26T22:00:00Z;17.828
2011-05-26T23:00:00Z;17.486
2011-05-27T00:00:00Z;17.168
2011-05-27T01:00:00Z;16.839
2011-05-27T02:00:00Z;16.514
2011-05-27T03:00:00Z;16.22
2011-05-27T04:00:00Z;15.939
2011-05-27T05:00:00Z;16.11
2011-05-27T06:00:00Z;16.983
2011-05-27T07:00:00Z;18.196
2011-05-27T08:00:00Z;19.443
2011-05-27T09:00:00Z;20.552
2011-05-27T10:00:00Z;21.499
2011-05-27T11:00:00Z;22.281
2011-05-27T12:00:00Z;22.869
2011-05-27T13:00:00Z;23.197
2011-05-27T14:00:00Z;23.229
2011-05-27T15:00:00Z;22.871
2011-05-27T16:00:00Z;22.256
2011-05-27T17:00:00Z;21.403
2011-05-27T18:00:00Z;20.25
2011-05-27T19:00:00Z;18.709
2011-05-27T20:00:00Z;17.804
2011-05-27T21:00:00Z;17.131
2011-05-27T22:00:00Z;16.567
2011-05-27T23:00:00Z;16.097
2011-05-28T00:00:00Z;15.693
2011-05-28T01:00:00Z;15.338
2011-05-28T02:00:00Z;15.044
2011-05-28T03:00:00Z;14.785
2011-05-28T04:00:00Z;14.511
2011-05-28T05:00:00Z;14.865
2011-05-28T06:00:00Z;16.144
2011-05-28T07:00:00Z;17.986
2011-05-28T08:00:00Z;19.984
2011-05-28T09:00:00Z;21.548
2011-05-28T10:00:00Z;22.817
2011-05-28T11:00:00Z;23.858
2011-05-28T12:00:00Z;24.6
2011-05-28T13:00:00Z;24.967
2011-05-28T14:00:00Z;24.975
2011-05-28T15:00:00Z;24.69
2011-05-28T16:00:00Z;24.114
2011-05-28T17:00:00Z;23.157
2011-05-28T18:00:00Z;21.68
2011-05-28T19:00:00Z;19.774
2011-05-28T20:00:00Z;18.626
2011-05-28T21:00:00Z;17.879
2011-05-28T22:00:00Z;17.354
2011-05-28T23:00:00Z;16.919
2011-05-29T00:00:00Z;16.549
2011-05-29T01:00:00Z;16.295
2011-05-29T02:00:00Z;16.059
2011-05-29T03:00:00Z;15.799
2011-05-29T04:00:00Z;15.451
2011-05-29T05:00:00Z;15.927
2011-05-29T06:00:00Z;17.629
2011-05-29T07:00:00Z;19.52
2011-05-29T08:00:00Z;21.261
2011-05-29T09:00:00Z;22.585
2011-05-29T10:00:00Z;23.673
2011-05-29T11:00:00Z;24.504
2011-05-29T12:00:00Z;24.994
2011-05-29T13:00:00Z;25.098
2011-05-29T14:00:00Z;24.87
2011-05-29T15:00:00Z;24.411
2011-05-29T16:00:00Z;23.779
2011-05-29T17:00:00Z;22.892
2011-05-29T18:00:00Z;21.552
2011-05-29T19:00:00Z;19.71
2011-05-29T20:00:00Z;18.632
2011-05-29T21:00:00Z;17.967
2011-05-29T22:00:00Z;17.435
2011-05-29T23:00:00Z;17.019
2011-05-30T00:00:00Z;16.688
2011-05-30T01:00:00Z;16.356
2011-05-30T02:00:00Z;16.034
2011-05-30T03:00:00Z;15.828
2011-05-30T04:00:00Z;15.652
2011-05-30T05:00:00Z;16.144
2011-05-30T06:00:00Z;17.453
2011-05-30T07:00:00Z;18.902
2011-05-30T08:00:00Z;20.261
2011-05-30T09:00:00Z;21.325
2011-05-30T10:00:00Z;22.196
2011-05-30T11:00:00Z;22.79
2011-05-30T12:00:00Z;23.131
2011-05-30T13:00:00Z;23.172
2011-05-30T14:00:00Z;22.861
2011-05-30T15:00:00Z;22.373
2011-05-30T16:00:00Z;21.728
2011-05-30T17:00:00Z;20.867
2011-05-30T18:00:00Z;19.744
2011-05-30T19:00:00Z;18.229
2011-05-30T20:00:00Z;17.361
2011-05-30T21:00:00Z;16.769
2011-05-30T22:00:00Z;16.318
2011-05-30T23:00:00Z;15.918
2011-05-31T00:00:00Z;15.568
2011-05-31T01:00:00Z;15.258
2011-05-31T02:00:00Z;15.006
2011-05-31T03:00:00Z;14.82
2011-05-31T04:00:00Z;14.651
2011-05-31T05:00:00Z;15.207
2011-05-31T06:00:00Z;16.488
2011-05-31T07:00:00Z;18.037
2011-05-31T08:00:00Z;19.363
2011-05-31T09:00:00Z;20.354
2011-05-31T10:00:00Z;21.131
2011-05-31T11:00:00Z;21.717
2011-05-31T12:00:00Z;22.108
2011-05-31T13:00:00Z;22.274
2011-05-31T14:00:00Z;22.194
2011-05-31T15:00:00Z;21.927
2011-05-31T16:00:00Z;21.398
2011-05-31T17:00:00Z;20.587
2011-05-31T18:00:00Z;19.42
2011-05-31T19:00:00Z;17.853
2011-05-31T20:00:00Z;16.845
2011-05-31T21:00:00Z;16.091
2011-05-31T22:00:00Z;15.413
2011-05-31T23:00:00Z;14.769
2011-06-01T00:00:00Z;14.125
2011-06-01T01:00:00Z;13.562
2011-06-01T02:00:00Z;13.073
2011-06-01T03:00:00Z;12.638
2011-06-01T04:00:00Z;12.267
2011-06-01T05:00:00Z;12.483
2011-06-01T06:00:00Z;13.714
2011-06-01T07:00:00Z;15.331
2011-06-01T08:00:00Z;17.06
2011-06-01T09:00:00Z;18.546
2011-06-01T10:00:00Z;19.821
2011-06-01T11:00:00Z;20.834
2011-06-01T12:00:00Z;21.519
2011-06-01T13:00:00Z;21.883
2011-06-01T14:00:00Z;21.915
2011-06-01T15:00:00Z;21.629
2011-06-01T16:00:00Z;20.98
2011-06-01T17:00:00Z;19.923
2011-06-01T18:00:00Z;18.353
2011-06-01T19:00:00Z;16.175
2011-06-01T20:00:00Z;14.825
2011-06-01T21:00:00Z;14.031
2011-06-01T22:00:00Z;13.382
2011-06-01T23:00:00Z;12.819
2011-06-02T00:00:00Z;12.33
2011-06-02T01:00:00Z;11.921
2011-06-02T02:00:00Z;11.61
2011-06-02T03:00:00Z;11.365
2011-06-02T04:00:00Z;11.209
2011-06-02T05:00:00Z;11.809
2011-06-02T06:00:00Z;13.367
2011-06-02T07:00:00Z;15.373
2011-06-02T08:00:00Z;17.267
2011-06-02T09:00:00Z;18.717
2011-06-02T10:00:00Z;19.818
2011-06-02T11:00:00Z;20.656
2011-06-02T12:00:00Z;21.221
2011-06-02T13:00:00Z;21.438
2011-06-02T14:00:00Z;21.313
2011-06-02T15:00:00Z;20.981
2011-06-02T16:00:00Z;20.42
2011-06-02T17:00:00Z;19.606
2011-06-02T18:00:00Z;18.483
2011-06-02T19:00:00Z;16.691
2011-06-02T20:00:00Z;15.583
2011-06-02T21:00:00Z;14.965
2011-06-02T22:00:00Z;14.416
2011-06-02T23:00:00Z;13.935
2011-06-03T00:00:00Z;13.532
2011-06-03T01:00:00Z;13.132
2011-06-03T02:00:00Z;12.781
2011-06-03T03:00:00Z;12.512
2011-06-03T04:00:00Z;12.33
2011-06-03T05:00:00Z;13.057
2011-06-03T06:00:00Z;14.666
2011-06-03T07:00:00Z;16.469
2011-06-03T08:00:00Z;18.132
2011-06-03T09:00:00Z;19.345
2011-06-03T10:00:00Z;20.219
2011-06-03T11:00:00Z;20.926
2011-06-03T12:00:00Z;21.446
2011-06-03T13:00:00Z;21.681
2011-06-03T14:00:00Z;21.604
2011-06-03T15:00:00Z;21.359
2011-06-03T16:00:00Z;20.99
2011-06-03T17:00:00Z;20.419
2011-06-03T18:00:00Z;19.336
2011-06-03T19:00:00Z;17.359
2011-06-03T20:00:00Z;16.263
2011-06-03T21:00:00Z;15.596
2011-06-03T22:00:00Z;15.046
2011-06-03T23:00:00Z;14.575
2011-06-04T00:00:00Z;14.134
2011-06-04T01:00:00Z;13.738
2011-06-04T02:00:00Z;13.407
2011-06-04T03:00:00Z;13.168
2011-06-04T04:00:00Z;12.983
2011-06-04T05:00:00Z;13.668
2011-06-04T06:00:00Z;15.278
2011-06-04T07:00:00Z;17.095
2011-06-04T08:00:00Z;18.783
2011-06-04T09:00:00Z;20.067
2011-06-04T10:00:00Z;21.036
2011-06-04T11:00:00Z;21.727
2011-06-04T12:00:00Z;22.157
2011-06-04T13:00:00Z;22.304
2011-06-04T14:00:00Z;22.177
2011-06-04T15:00:00Z;21.885
2011-06-04T16:00:00Z;21.41
2011-06-04T17:00:00Z;20.727
2011-06-04T18:00:00Z;19.673
2011-06-04T19:00:00Z;17.773
2011-06-04T20:00:00Z;16.655
2011-06-04T21:00:00Z;16.022
2011-06-04T22:00:00Z;15.56
2011-06-04T23:00:00Z;15.148
2011-06-05T00:00:00Z;14.697
2011-06-05T01:00:00Z;14.28
2011-06-05T02:00:00Z;13.924
2011-06-05T03:00:00Z;13.608
2011-06-05T04:00:00Z;13.341
2011-06-05T05:00:00Z;14.121
2011-06-05T06:00:00Z;15.911
2011-06-05T07:00:00Z;18.047
2011-06-05T08:00:00Z;19.919
2011-06-05T09:00:00Z;21.195
2011-06-05T10:00:00Z;22.101
2011-06-05T11:00:00Z;22.734
2011-06-05T12:00:00Z;23.099
2011-06-05T13:00:00Z;23.251
2011-06-05T14:00:00Z;23.188
2011-06-05T15:00:00Z;22.862
2011-06-05T16:00:00Z;22.297
2011-06-05T17:00:00Z;21.513
2011-06-05T18:00:00Z;20.373
2011-06-05T19:00:00Z;18.712
2011-06-05T20:00:00Z;17.743
2011-06-05T21:00:00Z;17.116
2011-06-05T22:00:00Z;16.572
2011-06-05T23:00:00Z;16.099
2011-06-06T00:00:00Z;15.7
2011-06-06T01:00:00Z;15.359
2011-06-06T02:00:00Z;15.055
2011-06-06T03:00:00Z;14.788
2011-06-06T04:00:00Z;14.611
2011-06-06T05:00:00Z;15.196
2011-06-06T06:00:00Z;16.34
2011-06-06T07:00:00Z;17.741
2011-06-06T08:00:00Z;19.074
2011-06-06T09:00:00Z;20.162
2011-06-06T10:00:00Z;20.885
2011-06-06T11:00:00Z;21.194
2011-06-06T12:00:00Z;21.14
2011-06-06T13:00:00Z;20.909
2011-06-06T14:00:00Z;20.552
2011-06-06T15:00:00Z;20.132
2011-06-06T16:00:00Z;19.666
2011-06-06T17:00:00Z;19.061
2011-06-06T18:00:00Z;18.213
2011-06-06T19:00:00Z;17.05
2011-06-06T20:00:00Z;16.419
2011-06-06T21:00:00Z;16.013
2011-06-06T22:00:00Z;15.633
2011-06-06T23:00:00Z;15.303
2011-06-07T00:00:00Z;14.99
2011-06-07T01:00:00Z;14.702
2011-06-07T02:00:00Z;14.436
2011-06-07T03:00:00Z;14.227
2011-06-07T04:00:00Z;14.093
2011-06-07T05:00:00Z;14.464
2011-06-07T06:00:00Z;15.247
2011-06-07T07:00:00Z;16.211
2011-06-07T08:00:00Z;17.164
2011-06-07T09:00:00Z;17.984
2011-06-07T10:00:00Z;18.693
2011-06-07T11:00:00Z;19.196
2011-06-07T12:00:00Z;19.511
2011-06-07T13:00:00Z;19.629
2011-06-07T14:00:00Z;19.577
2011-06-07T15:00:00Z;19.354
2011-06-07T16:00:00Z;18.963
2011-06-07T17:00:00Z;18.402
2011-06-07T18:00:00Z;17.533
2011-06-07T19:00:00Z;16.281
2011-06-07T20:00:00Z;15.495
2011-06-07T21:00:00Z;14.963
2011-06-07T22:00:00Z;14.466
2011-06-07T23:00:00Z;13.935
2011-06-08T00:00:00Z;13.427
2011-06-08T01:00:00Z;12.984
2011-06-08T02:00:00Z;12.575
2011-06-08T03:00:00Z;12.236
2011-06-08T04:00:00Z;11.948
2011-06-08T05:00:00Z;12.435
2011-06-08T06:00:00Z;13.646
2011-06-08T07:00:00Z;15.21
2011-06-08T08:00:00Z;16.862
2011-06-08T09:00:00Z;18.268
2011-06-08T10:00:00Z;19.356
2011-06-08T11:00:00Z;20.257
2011-06-08T12:00:00Z;20.949
2011-06-08T13:00:00Z;21.364
2011-06-08T14:00:00Z;21.487
2011-06-08T15:00:00Z;21.364
2011-06-08T16:00:00Z;20.906
2011-06-08T17:00:00Z;20.175
2011-06-08T18:00:00Z;18.993
2011-06-08T19:00:00Z;17.004
2011-06-08T20:00:00Z;15.832
2011-06-08T21:00:00Z;15.135
2011-06-08T22:00:00Z;14.552
2011-06-08T23:00:00Z;14.082
2011-06-09T00:00:00Z;13.661
2011-06-09T01:00:00Z;13.291
2011-06-09T02:00:00Z;12.956
2011-06-09T03:00:00Z;12.647
2011-06-09T04:00:00Z;12.357
2011-06-09T05:00:00Z;13.107
2011-06-09T06:00:00Z;14.784
2011-06-09T07:00:00Z;16.754
2011-06-09T08:00:00Z;18.475
2011-06-09T09:00:00Z;19.617
2011-06-09T10:00:00Z;20.414
2011-06-09T11:00:00Z;20.882
2011-06-09T12:00:00Z;21.176
2011-06-09T13:00:00Z;21.314
2011-06-09T14:00:00Z;21.233
2011-06-09T15:00:00Z;20.974
2011-06-09T16:00:00Z;20.474
2011-06-09T17:00:00Z;19.74
2011-06-09T18:00:00Z;18.677
2011-06-09T19:00:00Z;17.111
2011-06-09T20:00:00Z;16.212
2011-06-09T21:00:00Z;15.661
2011-06-09T22:00:00Z;15.162
2011-06-09T23:00:00Z;14.751
2011-06-10T00:00:00Z;14.391
2011-06-10T01:00:00Z;14.095
2011-06-10T02:00:00Z;13.831
2011-06-10T03:00:00Z;13.541
2011-06-10T04:00:00Z;13.201
2011-06-10T05:00:00Z;13.815
2011-06-10T06:00:00Z;15.316
2011-06-10T07:00:00Z;17.256
2011-06-10T08:00:00Z;18.861
2011-06-10T09:00:00Z;20.116
2011-06-10T10:00:00Z;21.14
2011-06-10T11:00:00Z;21.978
2011-06-10T12:00:00Z;22.524
2011-06-10T13:00:00Z;22.787
2011-06-10T14:00:00Z;22.775
2011-06-10T15:00:00Z;22.462
2011-06-10T16:00:00Z;21.869
2011-06-10T17:00:00Z;21.001
2011-06-10T18:00:00Z;19.805
2011-06-10T19:00:00Z;17.987
2011-06-10T20:00:00Z;16.887
2011-06-10T21:00:00Z;16.318
2011-06-10T22:00:00Z;15.855
2011-06-10T23:00:00Z;15.401
2011-06-11T00:00:00Z;15.019
2011-06-11T01:00:00Z;14.658
2011-06-11T02:00:00Z;14.309
2011-06-11T03:00:00Z;14.034
2011-06-11T04:00:00Z;13.906
2011-06-11T05:00:00Z;14.358
2011-06-11T06:00:00Z;15.625
2011-06-11T07:00:00Z;17.291
2011-06-11T08:00:00Z;19.334
2011-06-11T09:00:00Z;20.819
2011-06-11T10:00:00Z;21.864
2011-06-11T11:00:00Z;22.581
2011-06-11T12:00:00Z;23.148
2011-06-11T13:00:00Z;23.637
2011-06-11T14:00:00Z;23.793
2011-06-11T15:00:00Z;23.637
2011-06-11T16:00:00Z;23.201
2011-06-11T17:00:00Z;22.455
2011-06-11T18:00:00Z;21.114
2011-06-11T19:00:00Z;19.065
2011-06-11T20:00:00Z;18.029
2011-06-11T21:00:00Z;17.397
2011-06-11T22:00:00Z;16.883
2011-06-11T23:00:00Z;16.423
2011-06-12T00:00:00Z;16.091
2011-06-12T01:00:00Z;15.849
2011-06-12T02:00:00Z;15.647
2011-06-12T03:00:00Z;15.384
2011-06-12T04:00:00Z;15.091
2011-06-12T05:00:00Z;15.866
2011-06-12T06:00:00Z;17.56
2011-06-12T07:00:00Z;19.585
2011-06-12T08:00:00Z;21.795
2011-06-12T09:00:00Z;23.432
2011-06-12T10:00:00Z;24.64
2011-06-12T11:00:00Z;25.581
2011-06-12T12:00:00Z;26.285
2011-06-12T13:00:00Z;26.697
2011-06-12T14:00:00Z;26.815
2011-06-12T15:00:00Z;26.612
2011-06-12T16:00:00Z;26.023
2011-06-12T17:00:00Z;25.01
2011-06-12T18:00:00Z;23.287
2011-06-12T19:00:00Z;20.759
2011-06-12T20:00:00Z;19.306
2011-06-12T21:00:00Z;18.593
2011-06-12T22:00:00Z;18.075
2011-06-12T23:00:00Z;17.703
2011-06-13T00:00:00Z;17.38
2011-06-13T01:00:00Z;17.145
2011-06-13T02:00:00Z;16.933
2011-06-13T03:00:00Z;16.648
2011-06-13T04:00:00Z;16.35
2011-06-13T05:00:00Z;16.913
2011-06-13T06:00:00Z;18.534
2011-06-13T07:00:00Z;20.499
2011-06-13T08:00:00Z;22.508
2011-06-13T09:00:00Z;24.052
2011-06-13T10:00:00Z;25.221
2011-06-13T11:00:00Z;26.105
2011-06-13T12:00:00Z;26.73
2011-06-13T13:00:00Z;27.11
2011-06-13T14:00:00Z;27.222
2011-06-13T15:00:00Z;27.021
2011-06-13T16:00:00Z;26.464
2011-06-13T17:00:00Z;25.521
2011-06-13T18:00:00Z;23.829
2011-06-13T19:00:00Z;21.288
2011-06-13T20:00:00Z;19.815
2011-06-13T21:00:00Z;18.939
2011-06-13T22:00:00Z;18.221
2011-06-13T23:00:00Z;17.696
2011-06-14T00:00:00Z;17.29
2011-06-14T01:00:00Z;16.85
2011-06-14T02:00:00Z;16.44
2011-06-14T03:00:00Z;16.06
2011-06-14T04:00:00Z;15.752
2011-06-14T05:00:00Z;16.637
2011-06-14T06:00:00Z;18.544
2011-06-14T07:00:00Z;20.802
2011-06-14T08:00:00Z;23.02
2011-06-14T09:00:00Z;24.573
2011-06-14T10:00:00Z;25.721
2011-06-14T11:00:00Z;26.602
2011-06-14T12:00:00Z;27.202
2011-06-14T13:00:00Z;27.512
2011-06-14T14:00:00Z;27.498
2011-06-14T15:00:00Z;27.276
2011-06-14T16:00:00Z;26.75
2011-06-14T17:00:00Z;25.812
2011-06-14T18:00:00Z;24.116
2011-06-14T19:00:00Z;21.474
2011-06-14T20:00:00Z;20.02
2011-06-14T21:00:00Z;19.266
2011-06-14T22:00:00Z;18.667
2011-06-14T23:00:00Z;18.205
2011-06-15T00:00:00Z;17.82
2011-06-15T01:00:00Z;17.455
2011-06-15T02:00:00Z;17.12
2011-06-15T03:00:00Z;16.83
2011-06-15T04:00:00Z;16.586
2011-06-15T05:00:00Z;17.407
2011-06-15T06:00:00Z;19.312
2011-06-15T07:00:00Z;21.598
2011-06-15T08:00:00Z;23.959
2011-06-15T09:00:00Z;25.535
2011-06-15T10:00:00Z;26.645
2011-06-15T11:00:00Z;27.519
2011-06-15T12:00:00Z;28.112
2011-06-15T13:00:00Z;28.383
2011-06-15T14:00:00Z;28.356
2011-06-15T15:00:00Z;28.068
2011-06-15T16:00:00Z;27.436
2011-06-15T17:00:00Z;26.37
2011-06-15T18:00:00Z;24.537
2011-06-15T19:00:00Z;21.916
2011-06-15T20:00:00Z;20.485
2011-06-15T21:00:00Z;19.717
2011-06-15T22:00:00Z;19.111
2011-06-15T23:00:00Z;18.609
2011-06-16T00:00:00Z;18.171
2011-06-16T01:00:00Z;17.741
2011-06-16T02:00:00Z;17.321
2011-06-16T03:00:00Z;16.966
2011-06-16T04:00:00Z;16.664
2011-06-16T05:00:00Z;17.374
2011-06-16T06:00:00Z;19.028
2011-06-16T07:00:00Z;21.125
2011-06-16T08:00:00Z;23.136
2011-06-16T09:00:00Z;24.658
2011-06-16T10:00:00Z;25.764
2011-06-16T11:00:00Z;26.515
2011-06-16T12:00:00Z;27.046
2011-06-16T13:00:00Z;27.301
2011-06-16T14:00:00Z;27.306
2011-06-16T15:00:00Z;27.075
2011-06-16T16:00:00Z;26.467
2011-06-16T17:00:00Z;25.423
2011-06-16T18:00:00Z;23.81
2011-06-16T19:00:00Z;21.54
2011-06-16T20:00:00Z;20.251
2011-06-16T21:00:00Z;19.516
2011-06-16T22:00:00Z;18.862
2011-06-16T23:00:00Z;18.303
2011-06-17T00:00:00Z;17.823
2011-06-17T01:00:00Z;17.459
2011-06-17T02:00:00Z;17.144
2011-06-17T03:00:00Z;16.836
2011-06-17T04:00:00Z;16.541
2011-06-17T05:00:00Z;17.085
2011-06-17T06:00:00Z;18.706
2011-06-17T07:00:00Z;20.764
2011-06-17T08:00:00Z;22.905
2011-06-17T09:00:00Z;24.617
2011-06-17T10:00:00Z;25.916
2011-06-17T11:00:00Z;26.94
2011-06-17T12:00:00Z;27.676
2011-06-17T13:00:00Z;28.101
2011-06-17T14:00:00Z;28.183
2011-06-17T15:00:00Z;27.893
2011-06-17T16:00:00Z;27.205
2011-06-17T17:00:00Z;26.088
2011-06-17T18:00:00Z;24.245
2011-06-17T19:00:00Z;21.55
2011-06-17T20:00:00Z;20.111
2011-06-17T21:00:00Z;19.308
2011-06-17T22:00:00Z;18.769
2011-06-17T23:00:00Z;18.242
2011-06-18T00:00:00Z;17.665
2011-06-18T01:00:00Z;17.165
2011-06-18T02:00:00Z;16.741
2011-06-18T03:00:00Z;16.364
2011-06-18T04:00:00Z;16.062
2011-06-18T05:00:00Z;16.797
2011-06-18T06:00:00Z;18.385
2011-06-18T07:00:00Z;20.215
2011-06-18T08:00:00Z;21.911
2011-06-18T09:00:00Z;23.386
2011-06-18T10:00:00Z;24.663
2011-06-18T11:00:00Z;25.692
2011-06-18T12:00:00Z;26.414
2011-06-18T13:00:00Z;26.768
2011-06-18T14:00:00Z;26.778
2011-06-18T15:00:00Z;26.429
2011-06-18T16:00:00Z;25.687
2011-06-18T17:00:00Z;24.531
2011-06-18T18:00:00Z;22.779
2011-06-18T19:00:00Z;20.109
2011-06-18T20:00:00Z;18.549
2011-06-18T21:00:00Z;17.818
2011-06-18T22:00:00Z;17.274
2011-06-18T23:00:00Z;16.822
2011-06-19T00:00:00Z;16.429
2011-06-19T01:00:00Z;16.055
2011-06-19T02:00:00Z;15.685
2011-06-19T03:00:00Z;15.331
2011-06-19T04:00:00Z;15.002
2011-06-19T05:00:00Z;15.777
2011-06-19T06:00:00Z;17.565
2011-06-19T07:00:00Z;19.737
2011-06-19T08:00:00Z;22.123
2011-06-19T09:00:00Z;23.985
2011-06-19T10:00:00Z;25.286
2011-06-19T11:00:00Z;26.353
2011-06-19T12:00:00Z;27.139
2011-06-19T13:00:00Z;27.6
2011-06-19T14:00:00Z;27.741
2011-06-19T15:00:00Z;27.598
2011-06-19T16:00:00Z;27.096
2011-06-19T17:00:00Z;26.174
2011-06-19T18:00:00Z;24.618
2011-06-19T19:00:00Z;22.171
2011-06-19T20:00:00Z;20.7
2011-06-19T21:00:00Z;19.905
2011-06-19T22:00:00Z;19.391
2011-06-19T23:00:00Z;18.923
2011-06-20T00:00:00Z;18.497
2011-06-20T01:00:00Z;18.127
2011-06-20T02:00:00Z;17.819
2011-06-20T03:00:00Z;17.455
2011-06-20T04:00:00Z;17.126
2011-06-20T05:00:00Z;17.937
2011-06-20T06:00:00Z;19.659
2011-06-20T07:00:00Z;21.695
2011-06-20T08:00:00Z;23.875
2011-06-20T09:00:00Z;25.785
2011-06-20T10:00:00Z;27.159
2011-06-20T11:00:00Z;28.18
2011-06-20T12:00:00Z;28.871
2011-06-20T13:00:00Z;29.216
2011-06-20T14:00:00Z;29.232
2011-06-20T15:00:00Z;28.944
2011-06-20T16:00:00Z;28.329
2011-06-20T17:00:00Z;27.311
2011-06-20T18:00:00Z;25.593
2011-06-20T19:00:00Z;23.157
2011-06-20T20:00:00Z;21.648
2011-06-20T21:00:00Z;20.815
2011-06-20T22:00:00Z;20.143
2011-06-20T23:00:00Z;19.562
2011-06-21T00:00:00Z;19.109
2011-06-21T01:00:00Z;18.73
2011-06-21T02:00:00Z;18.373
2011-06-21T03:00:00Z;18.041
2011-06-21T04:00:00Z;17.78
2011-06-21T05:00:00Z;18.635
2011-06-21T06:00:00Z;20.456
2011-06-21T07:00:00Z;22.78
2011-06-21T08:00:00Z;25.244
2011-06-21T09:00:00Z;26.924
2011-06-21T10:00:00Z;28.216
2011-06-21T11:00:00Z;29.18
2011-06-21T12:00:00Z;29.824
2011-06-21T13:00:00Z;30.153
2011-06-21T14:00:00Z;30.13
2011-06-21T15:00:00Z;29.78
2011-06-21T16:00:00Z;29.1
2011-06-21T17:00:00Z;28.026
2011-06-21T18:00:00Z;26.233
2011-06-21T19:00:00Z;23.492
2011-06-21T20:00:00Z;21.959
2011-06-21T21:00:00Z;21.115
2011-06-21T22:00:00Z;20.445
2011-06-21T23:00:00Z;19.861
2011-06-22T00:00:00Z;19.349
2011-06-22T01:00:00Z;18.883
2011-06-22T02:00:00Z;18.483
2011-06-22T03:00:00Z;18.071
2011-06-22T04:00:00Z;17.683
2011-06-22T05:00:00Z;18.279
2011-06-22T06:00:00Z;19.889
2011-06-22T07:00:00Z;21.972
2011-06-22T08:00:00Z;24.101
2011-06-22T09:00:00Z;25.789
2011-06-22T10:00:00Z;27.124
2011-06-22T11:00:00Z;28.088
2011-06-22T12:00:00Z;28.743
2011-06-22T13:00:00Z;29.054
2011-06-22T14:00:00Z;29.068
2011-06-22T15:00:00Z;28.751
2011-06-22T16:00:00Z;28.034
2011-06-22T17:00:00Z;26.894
2011-06-22T18:00:00Z;25.083
2011-06-22T19:00:00Z;22.449
2011-06-22T20:00:00Z;20.913
2011-06-22T21:00:00Z;20.042
2011-06-22T22:00:00Z;19.317
2011-06-22T23:00:00Z;18.691
2011-06-23T00:00:00Z;18.126
2011-06-23T01:00:00Z;17.597
2011-06-23T02:00:00Z;17.154
2011-06-23T03:00:00Z;16.816
2011-06-23T04:00:00Z;16.486
2011-06-23T05:00:00Z;17.179
2011-06-23T06:00:00Z;18.819
2011-06-23T07:00:00Z;20.957
2011-06-23T08:00:00Z;22.97
2011-06-23T09:00:00Z;24.54
2011-06-23T10:00:00Z;25.741
2011-06-23T11:00:00Z;26.699
2011-06-23T12:00:00Z;27.404
2011-06-23T13:00:00Z;27.729
2011-06-23T14:00:00Z;27.68
2011-06-23T15:00:00Z;27.395
2011-06-23T16:00:00Z;26.732
2011-06-23T17:00:00Z;25.7
2011-06-23T18:00:00Z;24.059
2011-06-23T19:00:00Z;21.793
2011-06-23T20:00:00Z;20.26
2011-06-23T21:00:00Z;19.314
2011-06-23T22:00:00Z;18.633
2011-06-23T23:00:00Z;17.988
2011-06-24T00:00:00Z;17.405
2011-06-24T01:00:00Z;16.924
2011-06-24T02:00:00Z;16.551
2011-06-24T03:00:00Z;16.267
2011-06-24T04:00:00Z;16.042
2011-06-24T05:00:00Z;16.776
2011-06-24T06:00:00Z;18.502
2011-06-24T07:00:00Z;20.587
2011-06-24T08:00:00Z;22.79
2011-06-24T09:00:00Z;24.566
2011-06-24T10:00:00Z;25.978
2011-06-24T11:00:00Z;27.069
2011-06-24T12:00:00Z;27.863
2011-06-24T13:00:00Z;28.335
2011-06-24T14:00:00Z;28.469
2011-06-24T15:00:00Z;28.29
2011-06-24T16:00:00Z;27.752
2011-06-24T17:00:00Z;26.809
2011-06-24T18:00:00Z;25.25
2011-06-24T19:00:00Z;22.827
2011-06-24T20:00:00Z;21.397
2011-06-24T21:00:00Z;20.565
2011-06-24T22:00:00Z;19.859
2011-06-24T23:00:00Z;19.219
2011-06-25T00:00:00Z;18.692
2011-06-25T01:00:00Z;18.231
2011-06-25T02:00:00Z;17.835
2011-06-25T03:00:00Z;17.509
2011-06-25T04:00:00Z;17.276
2011-06-25T05:00:00Z;18.241
2011-06-25T06:00:00Z;20.191
2011-06-25T07:00:00Z;22.406
2011-06-25T08:00:00Z;24.798
2011-06-25T09:00:00Z;26.741
2011-06-25T10:00:00Z;28.178
2011-06-25T11:00:00Z;29.314
2011-06-25T12:00:00Z;30.149
2011-06-25T13:00:00Z;30.63
2011-06-25T14:00:00Z;30.763
2011-06-25T15:00:00Z;30.553
2011-06-25T16:00:00Z;29.975
2011-06-25T17:00:00Z;28.981
2011-06-25T18:00:00Z;27.187
2011-06-25T19:00:00Z;24.378
2011-06-25T20:00:00Z;22.819
2011-06-25T21:00:00Z;22.012
2011-06-25T22:00:00Z;21.44
2011-06-25T23:00:00Z;20.918
2011-06-26T00:00:00Z;20.486
2011-06-26T01:00:00Z;20.142
2011-06-26T02:00:00Z;19.878
2011-06-26T03:00:00Z;19.625
2011-06-26T04:00:00Z;19.383
2011-06-26T05:00:00Z;20.262
2011-06-26T06:00:00Z;22.272
2011-06-26T07:00:00Z;24.643
2011-06-26T08:00:00Z;26.979
2011-06-26T09:00:00Z;28.773
2011-06-26T10:00:00Z;30.126
2011-06-26T11:00:00Z;31.172
2011-06-26T12:00:00Z;31.866
2011-06-26T13:00:00Z;32.217
2011-06-26T14:00:00Z;32.23
2011-06-26T15:00:00Z;31.94
2011-06-26T16:00:00Z;31.256
2011-06-26T17:00:00Z;30.181
2011-06-26T18:00:00Z;28.281
2011-06-26T19:00:00Z;25.43
2011-06-26T20:00:00Z;23.823
2011-06-26T21:00:00Z;22.962
2011-06-26T22:00:00Z;22.374
2011-06-26T23:00:00Z;21.833
2011-06-27T00:00:00Z;21.303
2011-06-27T01:00:00Z;20.867
2011-06-27T02:00:00Z;20.471
2011-06-27T03:00:00Z;20.051
2011-06-27T04:00:00Z;19.61
2011-06-27T05:00:00Z;20.194
2011-06-27T06:00:00Z;21.902
2011-06-27T07:00:00Z;24.036
2011-06-27T08:00:00Z;26.079
2011-06-27T09:00:00Z;27.891
2011-06-27T10:00:00Z;29.381
2011-06-27T11:00:00Z;30.498
2011-06-27T12:00:00Z;31.263
2011-06-27T13:00:00Z;31.65
2011-06-27T14:00:00Z;31.663
2011-06-27T15:00:00Z;31.358
2011-06-27T16:00:00Z;30.645
2011-06-27T17:00:00Z;29.418
2011-06-27T18:00:00Z;27.466
2011-06-27T19:00:00Z;24.612
2011-06-27T20:00:00Z;23.039
2011-06-27T21:00:00Z;22.204
2011-06-27T22:00:00Z;21.62
2011-06-27T23:00:00Z;21.241
2011-06-28T00:00:00Z;21.021
2011-06-28T01:00:00Z;20.675
2011-06-28T02:00:00Z;20.181
2011-06-28T03:00:00Z;19.758
2011-06-28T04:00:00Z;19.416
2011-06-28T05:00:00Z;19.964
2011-06-28T06:00:00Z;21.612
2011-06-28T07:00:00Z;23.747
2011-06-28T08:00:00Z;26.071
2011-06-28T09:00:00Z;27.735
2011-06-28T10:00:00Z;28.963
2011-06-28T11:00:00Z;29.905
2011-06-28T12:00:00Z;30.552
2011-06-28T13:00:00Z;30.852
2011-06-28T14:00:00Z;30.795
2011-06-28T15:00:00Z;30.447
2011-06-28T16:00:00Z;29.743
2011-06-28T17:00:00Z;28.613
2011-06-28T18:00:00Z;26.752
2011-06-28T19:00:00Z;24.085
2011-06-28T20:00:00Z;22.693
2011-06-28T21:00:00Z;21.887
2011-06-28T22:00:00Z;21.257
2011-06-28T23:00:00Z;20.719
2011-06-29T00:00:00Z;20.185
2011-06-29T01:00:00Z;19.616
2011-06-29T02:00:00Z;19.114
2011-06-29T03:00:00Z;18.701
2011-06-29T04:00:00Z;18.415
2011-06-29T05:00:00Z;18.861
2011-06-29T06:00:00Z;20.126
2011-06-29T07:00:00Z;21.741
2011-06-29T08:00:00Z;23.579
2011-06-29T09:00:00Z;25.33
2011-06-29T10:00:00Z;26.822
2011-06-29T11:00:00Z;27.937
2011-06-29T12:00:00Z;28.694
2011-06-29T13:00:00Z;29.138
2011-06-29T14:00:00Z;29.239
2011-06-29T15:00:00Z;29.098
2011-06-29T16:00:00Z;28.537
2011-06-29T17:00:00Z;27.539
2011-06-29T18:00:00Z;25.811
2011-06-29T19:00:00Z;23.311
2011-06-29T20:00:00Z;21.714
2011-06-29T21:00:00Z;20.712
2011-06-29T22:00:00Z;19.879
2011-06-29T23:00:00Z;19.167
2011-06-30T00:00:00Z;18.528
2011-06-30T01:00:00Z;18.02
2011-06-30T02:00:00Z;17.6
2011-06-30T03:00:00Z;17.256
2011-06-30T04:00:00Z;16.979
2011-06-30T05:00:00Z;17.432
2011-06-30T06:00:00Z;18.925
2011-06-30T07:00:00Z;20.841
2011-06-30T08:00:00Z;22.946
2011-06-30T09:00:00Z;24.778
2011-06-30T10:00:00Z;26.293
2011-06-30T11:00:00Z;27.465
2011-06-30T12:00:00Z;28.347
2011-06-30T13:00:00Z;28.891
2011-06-30T14:00:00Z;29.067
2011-06-30T15:00:00Z;28.914
2011-06-30T16:00:00Z;28.362
2011-06-30T17:00:00Z;27.352
2011-06-30T18:00:00Z;25.651
2011-06-30T19:00:00Z;23.165
2011-06-30T20:00:00Z;21.688
2011-06-30T21:00:00Z;20.838
2011-06-30T22:00:00Z;20.073
2011-06-30T23:00:00Z;19.461
2011-07-01T00:00:00Z;18.939
2011-07-01T01:00:00Z;18.451
2011-07-01T02:00:00Z;18.027
2011-07-01T03:00:00Z;17.624
2011-07-01T04:00:00Z;17.277
2011-07-01T05:00:00Z;17.904
2011-07-01T06:00:00Z;19.526
2011-07-01T07:00:00Z;21.577
2011-07-01T08:00:00Z;23.764
2011-07-01T09:00:00Z;25.772
2011-07-01T10:00:00Z;27.346
2011-07-01T11:00:00Z;28.494
2011-07-01T12:00:00Z;29.357
2011-07-01T13:00:00Z;29.891
2011-07-01T14:00:00Z;30.041
2011-07-01T15:00:00Z;29.84
2011-07-01T16:00:00Z;29.161
2011-07-01T17:00:00Z;27.993
2011-07-01T18:00:00Z;26.182
2011-07-01T19:00:00Z;23.826
2011-07-01T20:00:00Z;22.451
2011-07-01T21:00:00Z;21.72
2011-07-01T22:00:00Z;21.16
2011-07-01T23:00:00Z;20.665
2011-07-02T00:00:00Z;20.285
2011-07-02T01:00:00Z;20.002
2011-07-02T02:00:00Z;19.828
2011-07-02T03:00:00Z;19.633
2011-07-02T04:00:00Z;19.376
2011-07-02T05:00:00Z;19.929
2011-07-02T06:00:00Z;21.712
2011-07-02T07:00:00Z;24.012
2011-07-02T08:00:00Z;26.404
2011-07-02T09:00:00Z;28.096
2011-07-02T10:00:00Z;29.407
2011-07-02T11:00:00Z;30.453
2011-07-02T12:00:00Z;31.204
2011-07-02T13:00:00Z;31.587
2011-07-02T14:00:00Z;31.559
2011-07-02T15:00:00Z;31.164
2011-07-02T16:00:00Z;30.388
2011-07-02T17:00:00Z;29.13
2011-07-02T18:00:00Z;27.095
2011-07-02T19:00:00Z;24.709
2011-07-02T20:00:00Z;23.368
2011-07-02T21:00:00Z;22.814
2011-07-02T22:00:00Z;22.399
2011-07-02T23:00:00Z;21.905
2011-07-03T00:00:00Z;21.396
2011-07-03T01:00:00Z;20.977
2011-07-03T02:00:00Z;20.544
2011-07-03T03:00:00Z;20.067
2011-07-03T04:00:00Z;19.727
2011-07-03T05:00:00Z;20.058
2011-07-03T06:00:00Z;21.089
2011-07-03T07:00:00Z;22.376
2011-07-03T08:00:00Z;23.74
2011-07-03T09:00:00Z;24.922
2011-07-03T10:00:00Z;25.876
2011-07-03T11:00:00Z;26.626
2011-07-03T12:00:00Z;27.234
2011-07-03T13:00:00Z;27.594
2011-07-03T14:00:00Z;27.481
2011-07-03T15:00:00Z;27.045
2011-07-03T16:00:00Z;26.427
2011-07-03T17:00:00Z;25.562
2011-07-03T18:00:00Z;24.322
2011-07-03T19:00:00Z;22.389
2011-07-03T20:00:00Z;21.069
2011-07-03T21:00:00Z;20.229
2011-07-03T22:00:00Z;19.498
2011-07-03T23:00:00Z;18.897
2011-07-04T00:00:00Z;18.418
2011-07-04T01:00:00Z;18.108
2011-07-04T02:00:00Z;17.772
2011-07-04T03:00:00Z;17.419
2011-07-04T04:00:00Z;17.027
2011-07-04T05:00:00Z;17.554
2011-07-04T06:00:00Z;19.159
2011-07-04T07:00:00Z;21.326
2011-07-04T08:00:00Z;23.11
2011-07-04T09:00:00Z;24.454
2011-07-04T10:00:00Z;25.686
2011-07-04T11:00:00Z;26.714
2011-07-04T12:00:00Z;27.489
2011-07-04T13:00:00Z;27.979
2011-07-04T14:00:00Z;28.179
2011-07-04T15:00:00Z;28.052
2011-07-04T16:00:00Z;27.6
2011-07-04T17:00:00Z;26.798
2011-07-04T18:00:00Z;25.505
2011-07-04T19:00:00Z;23.207
2011-07-04T20:00:00Z;21.786
2011-07-04T21:00:00Z;21.05
2011-07-04T22:00:00Z;20.49
2011-07-04T23:00:00Z;19.957
2011-07-05T00:00:00Z;19.528
2011-07-05T01:00:00Z;19.125
2011-07-05T02:00:00Z;18.764
2011-07-05T03:00:00Z;18.412
2011-07-05T04:00:00Z;18.065
2011-07-05T05:00:00Z;18.806
2011-07-05T06:00:00Z;20.728
2011-07-05T07:00:00Z;23.144
2011-07-05T08:00:00Z;25.612
2011-07-05T09:00:00Z;27.299
2011-07-05T10:00:00Z;28.525
2011-07-05T11:00:00Z;29.461
2011-07-05T12:00:00Z;30.098
2011-07-05T13:00:00Z;30.448
2011-07-05T14:00:00Z;30.503
2011-07-05T15:00:00Z;30.262
2011-07-05T16:00:00Z;29.667
2011-07-05T17:00:00Z;28.654
2011-07-05T18:00:00Z;26.914
2011-07-05T19:00:00Z;24.116
2011-07-05T20:00:00Z;22.566
2011-07-05T21:00:00Z;21.718
2011-07-05T22:00:00Z;21.156
2011-07-05T23:00:00Z;20.7
2011-07-06T00:00:00Z;20.266
2011-07-06T01:00:00Z;19.838
2011-07-06T02:00:00Z;19.409
2011-07-06T03:00:00Z;18.948
2011-07-06T04:00:00Z;18.481
2011-07-06T05:00:00Z;19.155
2011-07-06T06:00:00Z;20.948
2011-07-06T07:00:00Z;23.044
2011-07-06T08:00:00Z;25.032
2011-07-06T09:00:00Z;26.582
2011-07-06T10:00:00Z;27.787
2011-07-06T11:00:00Z;28.72
2011-07-06T12:00:00Z;29.384
2011-07-06T13:00:00Z;29.767
2011-07-06T14:00:00Z;29.82
2011-07-06T15:00:00Z;29.542
2011-07-06T16:00:00Z;28.888
2011-07-06T17:00:00Z;27.814
2011-07-06T18:00:00Z;26.069
2011-07-06T19:00:00Z;23.232
2011-07-06T20:00:00Z;21.661
2011-07-06T21:00:00Z;20.779
2011-07-06T22:00:00Z;20.058
2011-07-06T23:00:00Z;19.411
2011-07-07T00:00:00Z;18.828
2011-07-07T01:00:00Z;18.294
2011-07-07T02:00:00Z;17.826
2011-07-07T03:00:00Z;17.37
2011-07-07T04:00:00Z;16.929
2011-07-07T05:00:00Z;17.526
2011-07-07T06:00:00Z;19.174
2011-07-07T07:00:00Z;21.182
2011-07-07T08:00:00Z;23.112
2011-07-07T09:00:00Z;24.656
2011-07-07T10:00:00Z;25.943
2011-07-07T11:00:00Z;27.023
2011-07-07T12:00:00Z;27.824
2011-07-07T13:00:00Z;28.252
2011-07-07T14:00:00Z;28.237
2011-07-07T15:00:00Z;28.003
2011-07-07T16:00:00Z;27.419
2011-07-07T17:00:00Z;26.39
2011-07-07T18:00:00Z;24.662
2011-07-07T19:00:00Z;22.148
2011-07-07T20:00:00Z;20.535
2011-07-07T21:00:00Z;19.654
2011-07-07T22:00:00Z;18.906
2011-07-07T23:00:00Z;18.245
2011-07-08T00:00:00Z;17.615
2011-07-08T01:00:00Z;16.999
2011-07-08T02:00:00Z;16.43
2011-07-08T03:00:00Z;15.956
2011-07-08T04:00:00Z;15.564
2011-07-08T05:00:00Z;16.255
2011-07-08T06:00:00Z;18.028
2011-07-08T07:00:00Z;20.354
2011-07-08T08:00:00Z;22.491
2011-07-08T09:00:00Z;24.276
2011-07-08T10:00:00Z;25.846
2011-07-08T11:00:00Z;27.113
2011-07-08T12:00:00Z;28.047
2011-07-08T13:00:00Z;28.627
2011-07-08T14:00:00Z;28.825
2011-07-08T15:00:00Z;28.633
2011-07-08T16:00:00Z;28.109
2011-07-08T17:00:00Z;27.196
2011-07-08T18:00:00Z;25.562
2011-07-08T19:00:00Z;22.984
2011-07-08T20:00:00Z;21.633
2011-07-08T21:00:00Z;20.826
2011-07-08T22:00:00Z;20.237
2011-07-08T23:00:00Z;19.764
2011-07-09T00:00:00Z;19.349
2011-07-09T01:00:00Z;18.937
2011-07-09T02:00:00Z;18.599
2011-07-09T03:00:00Z;18.294
2011-07-09T04:00:00Z;17.923
2011-07-09T05:00:00Z;18.552
2011-07-09T06:00:00Z;20.234
2011-07-09T07:00:00Z;22.475
2011-07-09T08:00:00Z;24.573
2011-07-09T09:00:00Z;26.168
2011-07-09T10:00:00Z;27.416
2011-07-09T11:00:00Z;28.374
2011-07-09T12:00:00Z;29.018
2011-07-09T13:00:00Z;29.363
2011-07-09T14:00:00Z;29.4
2011-07-09T15:00:00Z;29.132
2011-07-09T16:00:00Z;28.513
2011-07-09T17:00:00Z;27.506
2011-07-09T18:00:00Z;25.946
2011-07-09T19:00:00Z;23.515
2011-07-09T20:00:00Z;22.091
2011-07-09T21:00:00Z;21.262
2011-07-09T22:00:00Z;20.61
2011-07-09T23:00:00Z;20.053
2011-07-10T00:00:00Z;19.565
2011-07-10T01:00:00Z;19.132
2011-07-10T02:00:00Z;18.739
2011-07-10T03:00:00Z;18.35
2011-07-10T04:00:00Z;17.969
2011-07-10T05:00:00Z;18.641
2011-07-10T06:00:00Z;20.342
2011-07-10T07:00:00Z;22.664
2011-07-10T08:00:00Z;24.751
2011-07-10T09:00:00Z;26.402
2011-07-10T10:00:00Z;27.74
2011-07-10T11:00:00Z;28.754
2011-07-10T12:00:00Z;29.345
2011-07-10T13:00:00Z;29.611
2011-07-10T14:00:00Z;29.491
2011-07-10T15:00:00Z;29.125
2011-07-10T16:00:00Z;28.576
2011-07-10T17:00:00Z;27.669
2011-07-10T18:00:00Z;26.1
2011-07-10T19:00:00Z;23.48
2011-07-10T20:00:00Z;22.168
2011-07-10T21:00:00Z;21.467
2011-07-10T22:00:00Z;20.972
2011-07-10T23:00:00Z;20.634
2011-07-11T00:00:00Z;20.328
2011-07-11T01:00:00Z;19.976
2011-07-11T02:00:00Z;19.363
2011-07-11T03:00:00Z;18.694
2011-07-11T04:00:00Z;18.166
2011-07-11T05:00:00Z;18.696
2011-07-11T06:00:00Z;20.38
2011-07-11T07:00:00Z;22.553
2011-07-11T08:00:00Z;25.011
2011-07-11T09:00:00Z;27.014
2011-07-11T10:00:00Z;28.487
2011-07-11T11:00:00Z;29.593
2011-07-11T12:00:00Z;30.346
2011-07-11T13:00:00Z;30.707
2011-07-11T14:00:00Z;30.697
2011-07-11T15:00:00Z;30.342
2011-07-11T16:00:00Z;29.644
2011-07-11T17:00:00Z;28.558
2011-07-11T18:00:00Z;26.824
2011-07-11T19:00:00Z;24.097
2011-07-11T20:00:00Z;22.653
2011-07-11T21:00:00Z;21.957
2011-07-11T22:00:00Z;21.496
2011-07-11T23:00:00Z;21.084
2011-07-12T00:00:00Z;20.66
2011-07-12T01:00:00Z;20.192
2011-07-12T02:00:00Z;19.806
2011-07-12T03:00:00Z;19.458
2011-07-12T04:00:00Z;19.102
2011-07-12T05:00:00Z;19.591
2011-07-12T06:00:00Z;20.944
2011-07-12T07:00:00Z;22.706
2011-07-12T08:00:00Z;24.457
2011-07-12T09:00:00Z;25.622
2011-07-12T10:00:00Z;26.583
2011-07-12T11:00:00Z;27.452
2011-07-12T12:00:00Z;28.001
2011-07-12T13:00:00Z;28.131
2011-07-12T14:00:00Z;27.901
2011-07-12T15:00:00Z;27.407
2011-07-12T16:00:00Z;26.656
2011-07-12T17:00:00Z;25.586
2011-07-12T18:00:00Z;24.027
2011-07-12T19:00:00Z;22.063
2011-07-12T20:00:00Z;20.787
2011-07-12T21:00:00Z;20.028
2011-07-12T22:00:00Z;19.44
2011-07-12T23:00:00Z;18.883
2011-07-13T00:00:00Z;18.337
2011-07-13T01:00:00Z;17.838
2011-07-13T02:00:00Z;17.412
2011-07-13T03:00:00Z;17.01
2011-07-13T04:00:00Z;16.64
2011-07-13T05:00:00Z;16.87
2011-07-13T06:00:00Z;18.119
2011-07-13T07:00:00Z;19.884
2011-07-13T08:00:00Z;21.678
2011-07-13T09:00:00Z;23.186
2011-07-13T10:00:00Z;24.441
2011-07-13T11:00:00Z;25.48
2011-07-13T12:00:00Z;26.255
2011-07-13T13:00:00Z;26.719
2011-07-13T14:00:00Z;26.834
2011-07-13T15:00:00Z;26.528
2011-07-13T16:00:00Z;25.829
2011-07-13T17:00:00Z;24.746
2011-07-13T18:00:00Z;23.253
2011-07-13T19:00:00Z;21.26
2011-07-13T20:00:00Z;20.055
2011-07-13T21:00:00Z;19.385
2011-07-13T22:00:00Z;18.863
2011-07-13T23:00:00Z;18.374
2011-07-14T00:00:00Z;17.918
2011-07-14T01:00:00Z;17.517
2011-07-14T02:00:00Z;17.147
2011-07-14T03:00:00Z;16.743
2011-07-14T04:00:00Z;16.332
2011-07-14T05:00:00Z;16.637
2011-07-14T06:00:00Z;17.951
2011-07-14T07:00:00Z;19.683
2011-07-14T08:00:00Z;21.516
2011-07-14T09:00:00Z;22.964
2011-07-14T10:00:00Z;24.145
2011-07-14T11:00:00Z;25.103
2011-07-14T12:00:00Z;25.807
2011-07-14T13:00:00Z;26.269
2011-07-14T14:00:00Z;26.409
2011-07-14T15:00:00Z;26.272
2011-07-14T16:00:00Z;25.771
2011-07-14T17:00:00Z;24.926
2011-07-14T18:00:00Z;23.659
2011-07-14T19:00:00Z;21.606
2011-07-14T20:00:00Z;20.423
2011-07-14T21:00:00Z;19.72
2011-07-14T22:00:00Z;19.13
2011-07-14T23:00:00Z;18.636
2011-07-15T00:00:00Z;18.182
2011-07-15T01:00:00Z;17.754
2011-07-15T02:00:00Z;17.369
2011-07-15T03:00:00Z;17.011
2011-07-15T04:00:00Z;16.693
2011-07-15T05:00:00Z;17.234
2011-07-15T06:00:00Z;18.876
2011-07-15T07:00:00Z;20.98
2011-07-15T08:00:00Z;23.136
2011-07-15T09:00:00Z;24.907
2011-07-15T10:00:00Z;26.198
2011-07-15T11:00:00Z;27.127
2011-07-15T12:00:00Z;27.747
2011-07-15T13:00:00Z;28.112
2011-07-15T14:00:00Z;28.278
2011-07-15T15:00:00Z;28.15
2011-07-15T16:00:00Z;27.657
2011-07-15T17:00:00Z;26.768
2011-07-15T18:00:00Z;25.276
2011-07-15T19:00:00Z;23.065
2011-07-15T20:00:00Z;21.866
2011-07-15T21:00:00Z;21.141
2011-07-15T22:00:00Z;20.613
2011-07-15T23:00:00Z;20.205
2011-07-16T00:00:00Z;19.847
2011-07-16T01:00:00Z;19.503
2011-07-16T02:00:00Z;19.183
2011-07-16T03:00:00Z;18.886
2011-07-16T04:00:00Z;18.575
2011-07-16T05:00:00Z;19.179
2011-07-16T06:00:00Z;20.909
2011-07-16T07:00:00Z;23.215
2011-07-16T08:00:00Z;25.664
2011-07-16T09:00:00Z;27.281
2011-07-16T10:00:00Z;28.463
2011-07-16T11:00:00Z;29.348
2011-07-16T12:00:00Z;29.925
2011-07-16T13:00:00Z;30.199
2011-07-16T14:00:00Z;30.179
2011-07-16T15:00:00Z;29.861
2011-07-16T16:00:00Z;29.213
2011-07-16T17:00:00Z;28.189
2011-07-16T18:00:00Z;26.585
2011-07-16T19:00:00Z;24.097
2011-07-16T20:00:00Z;22.75
2011-07-16T21:00:00Z;21.971
2011-07-16T22:00:00Z;21.389
2011-07-16T23:00:00Z;20.889
2011-07-17T00:00:00Z;20.396
2011-07-17T01:00:00Z;19.858
2011-07-17T02:00:00Z;19.408
2011-07-17T03:00:00Z;19.052
2011-07-17T04:00:00Z;18.716
2011-07-17T05:00:00Z;19.137
2011-07-17T06:00:00Z;20.535
2011-07-17T07:00:00Z;22.337
2011-07-17T08:00:00Z;24.022
2011-07-17T09:00:00Z;25.317
2011-07-17T10:00:00Z;26.345
2011-07-17T11:00:00Z;27.139
2011-07-17T12:00:00Z;27.672
2011-07-17T13:00:00Z;27.894
2011-07-17T14:00:00Z;27.746
2011-07-17T15:00:00Z;27.209
2011-07-17T16:00:00Z;26.361
2011-07-17T17:00:00Z;25.182
2011-07-17T18:00:00Z;23.678
2011-07-17T19:00:00Z;21.676
2011-07-17T20:00:00Z;20.462
2011-07-17T21:00:00Z;19.676
2011-07-17T22:00:00Z;18.916
2011-07-17T23:00:00Z;18.192
2011-07-18T00:00:00Z;17.561
2011-07-18T01:00:00Z;17.029
2011-07-18T02:00:00Z;16.587
2011-07-18T03:00:00Z;16.232
2011-07-18T04:00:00Z;15.895
2011-07-18T05:00:00Z;16.26
2011-07-18T06:00:00Z;17.738
2011-07-18T07:00:00Z;19.646
2011-07-18T08:00:00Z;21.564
2011-07-18T09:00:00Z;23.128
2011-07-18T10:00:00Z;24.384
2011-07-18T11:00:00Z;25.401
2011-07-18T12:00:00Z;26.168
2011-07-18T13:00:00Z;26.638
2011-07-18T14:00:00Z;26.799
2011-07-18T15:00:00Z;26.621
2011-07-18T16:00:00Z;26.054
2011-07-18T17:00:00Z;25.111
2011-07-18T18:00:00Z;23.686
2011-07-18T19:00:00Z;21.521
2011-07-18T20:00:00Z;20.476
2011-07-18T21:00:00Z;19.906
2011-07-18T22:00:00Z;19.409
2011-07-18T23:00:00Z;19.003
2011-07-19T00:00:00Z;18.72
2011-07-19T01:00:00Z;18.428
2011-07-19T02:00:00Z;18.115
2011-07-19T03:00:00Z;17.867
2011-07-19T04:00:00Z;17.64
2011-07-19T05:00:00Z;17.715
2011-07-19T06:00:00Z;18.561
2011-07-19T07:00:00Z;20.008
2011-07-19T08:00:00Z;21.687
2011-07-19T09:00:00Z;23.087
2011-07-19T10:00:00Z;24.191
2011-07-19T11:00:00Z;25.111
2011-07-19T12:00:00Z;25.764
2011-07-19T13:00:00Z;26.157
2011-07-19T14:00:00Z;26.275
2011-07-19T15:00:00Z;26.022
2011-07-19T16:00:00Z;25.406
2011-07-19T17:00:00Z;24.427
2011-07-19T18:00:00Z;22.987
2011-07-19T19:00:00Z;20.728
2011-07-19T20:00:00Z;19.513
2011-07-19T21:00:00Z;18.804
2011-07-19T22:00:00Z;18.187
2011-07-19T23:00:00Z;17.584
2011-07-20T00:00:00Z;17.029
2011-07-20T01:00:00Z;16.532
2011-07-20T02:00:00Z;16.115
2011-07-20T03:00:00Z;15.721
2011-07-20T04:00:00Z;15.31
2011-07-20T05:00:00Z;15.83
2011-07-20T06:00:00Z;17.56
2011-07-20T07:00:00Z;19.711
2011-07-20T08:00:00Z;21.844
2011-07-20T09:00:00Z;23.609
2011-07-20T10:00:00Z;25.075
2011-07-20T11:00:00Z;26.297
2011-07-20T12:00:00Z;27.211
2011-07-20T13:00:00Z;27.786
2011-07-20T14:00:00Z;28.0
2011-07-20T15:00:00Z;27.835
2011-07-20T16:00:00Z;27.259
2011-07-20T17:00:00Z;26.259
2011-07-20T18:00:00Z;24.663
2011-07-20T19:00:00Z;22.22
2011-07-20T20:00:00Z;20.875
2011-07-20T21:00:00Z;20.06
2011-07-20T22:00:00Z;19.428
2011-07-20T23:00:00Z;18.899
2011-07-21T00:00:00Z;18.444
2011-07-21T01:00:00Z;18.01
2011-07-21T02:00:00Z;17.632
2011-07-21T03:00:00Z;17.286
2011-07-21T04:00:00Z;17.007
2011-07-21T05:00:00Z;17.581
2011-07-21T06:00:00Z;19.302
2011-07-21T07:00:00Z;21.339
2011-07-21T08:00:00Z;23.478
2011-07-21T09:00:00Z;25.231
2011-07-21T10:00:00Z;26.517
2011-07-21T11:00:00Z;27.502
2011-07-21T12:00:00Z;28.175
2011-07-21T13:00:00Z;28.517
2011-07-21T14:00:00Z;28.52
2011-07-21T15:00:00Z;28.228
2011-07-21T16:00:00Z;27.538
2011-07-21T17:00:00Z;26.396
2011-07-21T18:00:00Z;24.62
2011-07-21T19:00:00Z;22.226
2011-07-21T20:00:00Z;20.822
2011-07-21T21:00:00Z;19.927
2011-07-21T22:00:00Z;19.244
2011-07-21T23:00:00Z;18.628
2011-07-22T00:00:00Z;18.097
2011-07-22T01:00:00Z;17.648
2011-07-22T02:00:00Z;17.283
2011-07-22T03:00:00Z;16.981
2011-07-22T04:00:00Z;16.712
2011-07-22T05:00:00Z;16.97
2011-07-22T06:00:00Z;18.246
2011-07-22T07:00:00Z;20.012
2011-07-22T08:00:00Z;21.887
2011-07-22T09:00:00Z;23.453
2011-07-22T10:00:00Z;24.649
2011-07-22T11:00:00Z;25.595
2011-07-22T12:00:00Z;26.268
2011-07-22T13:00:00Z;26.599
2011-07-22T14:00:00Z;26.634
2011-07-22T15:00:00Z;26.472
2011-07-22T16:00:00Z;25.98
2011-07-22T17:00:00Z;25.024
2011-07-22T18:00:00Z;23.637
2011-07-22T19:00:00Z;21.653
2011-07-22T20:00:00Z;20.456
2011-07-22T21:00:00Z;19.513
2011-07-22T22:00:00Z;18.733
2011-07-22T23:00:00Z;18.126
2011-07-23T00:00:00Z;17.595
2011-07-23T01:00:00Z;17.148
2011-07-23T02:00:00Z;16.77
2011-07-23T03:00:00Z;16.47
2011-07-23T04:00:00Z;16.208
2011-07-23T05:00:00Z;16.558
2011-07-23T06:00:00Z;17.911
2011-07-23T07:00:00Z;19.791
2011-07-23T08:00:00Z;21.933
2011-07-23T09:00:00Z;23.765
2011-07-23T10:00:00Z;25.085
2011-07-23T11:00:00Z;26.109
2011-07-23T12:00:00Z;26.786
2011-07-23T13:00:00Z;27.178
2011-07-23T14:00:00Z;27.24
2011-07-23T15:00:00Z;26.991
2011-07-23T16:00:00Z;26.36
2011-07-23T17:00:00Z;25.309
2011-07-23T18:00:00Z;23.686
2011-07-23T19:00:00Z;21.439
2011-07-23T20:00:00Z;20.07
2011-07-23T21:00:00Z;19.279
2011-07-23T22:00:00Z;18.718
2011-07-23T23:00:00Z;18.205
2011-07-24T00:00:00Z;17.752
2011-07-24T01:00:00Z;17.387
2011-07-24T02:00:00Z;17.04
2011-07-24T03:00:00Z;16.683
2011-07-24T04:00:00Z;16.321
2011-07-24T05:00:00Z;16.542
2011-07-24T06:00:00Z;17.892
2011-07-24T07:00:00Z;19.661
2011-07-24T08:00:00Z;21.555
2011-07-24T09:00:00Z;23.268
2011-07-24T10:00:00Z;24.687
2011-07-24T11:00:00Z;25.764
2011-07-24T12:00:00Z;26.53
2011-07-24T13:00:00Z;26.99
2011-07-24T14:00:00Z;27.076
2011-07-24T15:00:00Z;26.826
2011-07-24T16:00:00Z;26.185
2011-07-24T17:00:00Z;25.189
2011-07-24T18:00:00Z;23.727
2011-07-24T19:00:00Z;21.688
2011-07-24T20:00:00Z;20.528
2011-07-24T21:00:00Z;19.831
2011-07-24T22:00:00Z;19.317
2011-07-24T23:00:00Z;18.881
2011-07-25T00:00:00Z;18.498
2011-07-25T01:00:00Z;18.155
2011-07-25T02:00:00Z;17.877
2011-07-25T03:00:00Z;17.595
2011-07-25T04:00:00Z;17.278
2011-07-25T05:00:00Z;17.718
2011-07-25T06:00:00Z;19.449
2011-07-25T07:00:00Z;21.544
2011-07-25T08:00:00Z;23.634
2011-07-25T09:00:00Z;25.275
2011-07-25T10:00:00Z;26.494
2011-07-25T11:00:00Z;27.428
2011-07-25T12:00:00Z;28.111
2011-07-25T13:00:00Z;28.507
2011-07-25T14:00:00Z;28.621
2011-07-25T15:00:00Z;28.412
2011-07-25T16:00:00Z;27.937
2011-07-25T17:00:00Z;27.1
2011-07-25T18:00:00Z;25.681
2011-07-25T19:00:00Z;23.568
2011-07-25T20:00:00Z;22.405
2011-07-25T21:00:00Z;21.641
2011-07-25T22:00:00Z;21.081
2011-07-25T23:00:00Z;20.598
2011-07-26T00:00:00Z;20.174
2011-07-26T01:00:00Z;19.809
2011-07-26T02:00:00Z;19.488
2011-07-26T03:00:00Z;19.16
2011-07-26T04:00:00Z;18.853
2011-07-26T05:00:00Z;19.181
2011-07-26T06:00:00Z;20.75
2011-07-26T07:00:00Z;22.63
2011-07-26T08:00:00Z;24.515
2011-07-26T09:00:00Z;26.153
2011-07-26T10:00:00Z;27.447
2011-07-26T11:00:00Z;28.378
2011-07-26T12:00:00Z;29.008
2011-07-26T13:00:00Z;29.261
2011-07-26T14:00:00Z;29.19
2011-07-26T15:00:00Z;28.886
2011-07-26T16:00:00Z;28.248
2011-07-26T17:00:00Z;27.205
2011-07-26T18:00:00Z;25.706
2011-07-26T19:00:00Z;23.747
2011-07-26T20:00:00Z;22.593
2011-07-26T21:00:00Z;21.742
2011-07-26T22:00:00Z;21.066
2011-07-26T23:00:00Z;20.504
2011-07-27T00:00:00Z;20.006
2011-07-27T01:00:00Z;19.577
2011-07-27T02:00:00Z;19.176
2011-07-27T03:00:00Z;18.805
2011-07-27T04:00:00Z;18.49
2011-07-27T05:00:00Z;18.581
2011-07-27T06:00:00Z;19.777
2011-07-27T07:00:00Z;21.498
2011-07-27T08:00:00Z;23.468
2011-07-27T09:00:00Z;25.208
2011-07-27T10:00:00Z;26.468
2011-07-27T11:00:00Z;27.43
2011-07-27T12:00:00Z;28.129
2011-07-27T13:00:00Z;28.572
2011-07-27T14:00:00Z;28.682
2011-07-27T15:00:00Z;28.431
2011-07-27T16:00:00Z;27.796
2011-07-27T17:00:00Z;26.782
2011-07-27T18:00:00Z;25.177
2011-07-27T19:00:00Z;22.814
2011-07-27T20:00:00Z;21.598
2011-07-27T21:00:00Z;20.872
2011-07-27T22:00:00Z;20.332
2011-07-27T23:00:00Z;19.824
2011-07-28T00:00:00Z;19.375
2011-07-28T01:00:00Z;18.969
2011-07-28T02:00:00Z;18.627
2011-07-28T03:00:00Z;18.313
2011-07-28T04:00:00Z;18.02
2011-07-28T05:00:00Z;18.219
2011-07-28T06:00:00Z;19.529
2011-07-28T07:00:00Z;21.431
2011-07-28T08:00:00Z;23.488
2011-07-28T09:00:00Z;25.266
2011-07-28T10:00:00Z;26.688
2011-07-28T11:00:00Z;27.819
2011-07-28T12:00:00Z;28.589
2011-07-28T13:00:00Z;29.038
2011-07-28T14:00:00Z;29.147
2011-07-28T15:00:00Z;28.946
2011-07-28T16:00:00Z;28.324
2011-07-28T17:00:00Z;27.284
2011-07-28T18:00:00Z;25.663
2011-07-28T19:00:00Z;23.39
2011-07-28T20:00:00Z;22.231
2011-07-28T21:00:00Z;21.369
2011-07-28T22:00:00Z;20.693
2011-07-28T23:00:00Z;20.182
2011-07-29T00:00:00Z;19.741
2011-07-29T01:00:00Z;19.366
2011-07-29T02:00:00Z;18.995
2011-07-29T03:00:00Z;18.637
2011-07-29T04:00:00Z;18.293
2011-07-29T05:00:00Z;18.518
2011-07-29T06:00:00Z;20.088
2011-07-29T07:00:00Z;22.24
2011-07-29T08:00:00Z;24.64
2011-07-29T09:00:00Z;26.718
2011-07-29T10:00:00Z;28.144
2011-07-29T11:00:00Z;29.216
2011-07-29T12:00:00Z;29.9
2011-07-29T13:00:00Z;30.236
2011-07-29T14:00:00Z;30.202
2011-07-29T15:00:00Z;29.829
2011-07-29T16:00:00Z;29.067
2011-07-29T17:00:00Z;27.971
2011-07-29T18:00:00Z;26.285
2011-07-29T19:00:00Z;23.98
2011-07-29T20:00:00Z;22.834
2011-07-29T21:00:00Z;22.187
2011-07-29T22:00:00Z;21.691
2011-07-29T23:00:00Z;21.232
2011-07-30T00:00:00Z;20.761
2011-07-30T01:00:00Z;20.282
2011-07-30T02:00:00Z;19.921
2011-07-30T03:00:00Z;19.588
2011-07-30T04:00:00Z;19.253
2011-07-30T05:00:00Z;19.335
2011-07-30T06:00:00Z;20.717
2011-07-30T07:00:00Z;22.634
2011-07-30T08:00:00Z;24.729
2011-07-30T09:00:00Z;26.424
2011-07-30T10:00:00Z;27.684
2011-07-30T11:00:00Z;28.62
2011-07-30T12:00:00Z;29.266
2011-07-30T13:00:00Z;29.621
2011-07-30T14:00:00Z;29.669
2011-07-30T15:00:00Z;29.45
2011-07-30T16:00:00Z;28.844
2011-07-30T17:00:00Z;27.828
2011-07-30T18:00:00Z;26.085
2011-07-30T19:00:00Z;23.672
2011-07-30T20:00:00Z;22.461
2011-07-30T21:00:00Z;21.623
2011-07-30T22:00:00Z;20.924
2011-07-30T23:00:00Z;20.232
2011-07-31T00:00:00Z;19.665
2011-07-31T01:00:00Z;19.206
2011-07-31T02:00:00Z;18.806
2011-07-31T03:00:00Z;18.437
2011-07-31T04:00:00Z;18.096
2011-07-31T05:00:00Z;18.328
2011-07-31T06:00:00Z;19.831
2011-07-31T07:00:00Z;21.85
2011-07-31T08:00:00Z;24.106
2011-07-31T09:00:00Z;26.091
2011-07-31T10:00:00Z;27.526
2011-07-31T11:00:00Z;28.589
2011-07-31T12:00:00Z;29.314
2011-07-31T13:00:00Z;29.739
2011-07-31T14:00:00Z;29.8
2011-07-31T15:00:00Z;29.553
2011-07-31T16:00:00Z;28.93
2011-07-31T17:00:00Z;27.892
2011-07-31T18:00:00Z;26.143
2011-07-31T19:00:00Z;23.754
2011-07-31T20:00:00Z;22.68
2011-07-31T21:00:00Z;22.02
2011-07-31T22:00:00Z;21.539
2011-07-31T23:00:00Z;21.109
2011-08-01T00:00:00Z;20.741
2011-08-01T01:00:00Z;20.443
2011-08-01T02:00:00Z;20.165
2011-08-01T03:00:00Z;19.772
2011-08-01T04:00:00Z;19.291
2011-08-01T05:00:00Z;19.381
2011-08-01T06:00:00Z;20.76
2011-08-01T07:00:00Z;22.412
2011-08-01T08:00:00Z;24.346
2011-08-01T09:00:00Z;26.135
2011-08-01T10:00:00Z;27.442
2011-08-01T11:00:00Z;28.389
2011-08-01T12:00:00Z;29.112
2011-08-01T13:00:00Z;29.457
2011-08-01T14:00:00Z;29.329
2011-08-01T15:00:00Z;28.726
2011-08-01T16:00:00Z;27.713
2011-08-01T17:00:00Z;26.619
2011-08-01T18:00:00Z;25.055
2011-08-01T19:00:00Z;23.134
2011-08-01T20:00:00Z;22.098
2011-08-01T21:00:00Z;21.468
2011-08-01T22:00:00Z;21.071
2011-08-01T23:00:00Z;20.694
2011-08-02T00:00:00Z;20.253
2011-08-02T01:00:00Z;19.798
2011-08-02T02:00:00Z;19.369
2011-08-02T03:00:00Z;18.973
2011-08-02T04:00:00Z;18.715
2011-08-02T05:00:00Z;18.829
2011-08-02T06:00:00Z;19.982
2011-08-02T07:00:00Z;21.613
2011-08-02T08:00:00Z;23.309
2011-08-02T09:00:00Z;24.767
2011-08-02T10:00:00Z;25.987
2011-08-02T11:00:00Z;26.939
2011-08-02T12:00:00Z;27.557
2011-08-02T13:00:00Z;27.835
2011-08-02T14:00:00Z;27.77
2011-08-02T15:00:00Z;27.411
2011-08-02T16:00:00Z;26.747
2011-08-02T17:00:00Z;25.745
2011-08-02T18:00:00Z;24.342
2011-08-02T19:00:00Z;22.548
2011-08-02T20:00:00Z;21.574
2011-08-02T21:00:00Z;20.971
2011-08-02T22:00:00Z;20.556
2011-08-02T23:00:00Z;20.222
2011-08-03T00:00:00Z;19.909
2011-08-03T01:00:00Z;19.571
2011-08-03T02:00:00Z;19.207
2011-08-03T03:00:00Z;18.837
2011-08-03T04:00:00Z;18.462
2011-08-03T05:00:00Z;18.695
2011-08-03T06:00:00Z;20.35
2011-08-03T07:00:00Z;22.555
2011-08-03T08:00:00Z;24.628
2011-08-03T09:00:00Z;26.231
2011-08-03T10:00:00Z;27.519
2011-08-03T11:00:00Z;28.517
2011-08-03T12:00:00Z;29.212
2011-08-03T13:00:00Z;29.578
2011-08-03T14:00:00Z;29.62
2011-08-03T15:00:00Z;29.42
2011-08-03T16:00:00Z;28.9
2011-08-03T17:00:00Z;27.933
2011-08-03T18:00:00Z;26.182
2011-08-03T19:00:00Z;23.942
2011-08-03T20:00:00Z;22.912
2011-08-03T21:00:00Z;22.295
2011-08-03T22:00:00Z;21.834
2011-08-03T23:00:00Z;21.328
2011-08-04T00:00:00Z;20.798
2011-08-04T01:00:00Z;20.326
2011-08-04T02:00:00Z;19.942
2011-08-04T03:00:00Z;19.581
2011-08-04T04:00:00Z;19.224
2011-08-04T05:00:00Z;19.429
2011-08-04T06:00:00Z;21.299
2011-08-04T07:00:00Z;23.536
2011-08-04T08:00:00Z;26.085
2011-08-04T09:00:00Z;27.776
2011-08-04T10:00:00Z;28.985
2011-08-04T11:00:00Z;29.919
2011-08-04T12:00:00Z;30.576
2011-08-04T13:00:00Z;30.928
2011-08-04T14:00:00Z;30.943
2011-08-04T15:00:00Z;30.654
2011-08-04T16:00:00Z;29.983
2011-08-04T17:00:00Z;28.89
2011-08-04T18:00:00Z;26.95
2011-08-04T19:00:00Z;24.638
2011-08-04T20:00:00Z;23.502
2011-08-04T21:00:00Z;22.686
2011-08-04T22:00:00Z;22.073
2011-08-04T23:00:00Z;21.606
2011-08-05T00:00:00Z;21.225
2011-08-05T01:00:00Z;20.888
2011-08-05T02:00:00Z;20.616
2011-08-05T03:00:00Z;20.386
2011-08-05T04:00:00Z;20.17
2011-08-05T05:00:00Z;20.312
2011-08-05T06:00:00Z;21.681
2011-08-05T07:00:00Z;23.644
2011-08-05T08:00:00Z;25.74
2011-08-05T09:00:00Z;27.321
2011-08-05T10:00:00Z;28.508
2011-08-05T11:00:00Z;29.421
2011-08-05T12:00:00Z;29.94
2011-08-05T13:00:00Z;30.091
2011-08-05T14:00:00Z;29.914
2011-08-05T15:00:00Z;29.411
2011-08-05T16:00:00Z;28.635
2011-08-05T17:00:00Z;27.568
2011-08-05T18:00:00Z;26.056
2011-08-05T19:00:00Z;24.26
2011-08-05T20:00:00Z;23.196
2011-08-05T21:00:00Z;22.461
2011-08-05T22:00:00Z;21.861
2011-08-05T23:00:00Z;21.348
2011-08-06T00:00:00Z;20.927
2011-08-06T01:00:00Z;20.573
2011-08-06T02:00:00Z;20.348
2011-08-06T03:00:00Z;20.18
2011-08-06T04:00:00Z;19.969
2011-08-06T05:00:00Z;20.189
2011-08-06T06:00:00Z;21.684
2011-08-06T07:00:00Z;23.661
2011-08-06T08:00:00Z;25.689
2011-08-06T09:00:00Z;27.348
2011-08-06T10:00:00Z;28.683
2011-08-06T11:00:00Z;29.723
2011-08-06T12:00:00Z;30.44
2011-08-06T13:00:00Z;30.826
2011-08-06T14:00:00Z;30.795
2011-08-06T15:00:00Z;30.326
2011-08-06T16:00:00Z;29.513
2011-08-06T17:00:00Z;28.374
2011-08-06T18:00:00Z;26.684
2011-08-06T19:00:00Z;24.589
2011-08-06T20:00:00Z;23.448
2011-08-06T21:00:00Z;22.667
2011-08-06T22:00:00Z;22.116
2011-08-06T23:00:00Z;21.667
2011-08-07T00:00:00Z;21.275
2011-08-07T01:00:00Z;20.833
2011-08-07T02:00:00Z;20.377
2011-08-07T03:00:00Z;19.981
2011-08-07T04:00:00Z;19.619
2011-08-07T05:00:00Z;19.639
2011-08-07T06:00:00Z;21.069
2011-08-07T07:00:00Z;23.059
2011-08-07T08:00:00Z;24.945
2011-08-07T09:00:00Z;26.501
2011-08-07T10:00:00Z;27.839
2011-08-07T11:00:00Z;28.949
2011-08-07T12:00:00Z;29.788
2011-08-07T13:00:00Z;30.361
2011-08-07T14:00:00Z;30.596
2011-08-07T15:00:00Z;30.448
2011-08-07T16:00:00Z;29.884
2011-08-07T17:00:00Z;28.808
2011-08-07T18:00:00Z;26.846
2011-08-07T19:00:00Z;24.207
2011-08-07T20:00:00Z;23.006
2011-08-07T21:00:00Z;22.153
2011-08-07T22:00:00Z;21.507
2011-08-07T23:00:00Z;20.94
2011-08-08T00:00:00Z;20.423
2011-08-08T01:00:00Z;19.941
2011-08-08T02:00:00Z;19.51
2011-08-08T03:00:00Z;19.133
2011-08-08T04:00:00Z;18.789
2011-08-08T05:00:00Z;18.899
2011-08-08T06:00:00Z;20.454
2011-08-08T07:00:00Z;22.536
2011-08-08T08:00:00Z;24.686
2011-08-08T09:00:00Z;26.42
2011-08-08T10:00:00Z;27.701
2011-08-08T11:00:00Z;28.707
2011-08-08T12:00:00Z;29.398
2011-08-08T13:00:00Z;29.737
2011-08-08T14:00:00Z;29.691
2011-08-08T15:00:00Z;29.225
2011-08-08T16:00:00Z;28.347
2011-08-08T17:00:00Z;27.037
2011-08-08T18:00:00Z;25.058
2011-08-08T19:00:00Z;22.784
2011-08-08T20:00:00Z;21.705
2011-08-08T21:00:00Z;20.926
2011-08-08T22:00:00Z;20.278
2011-08-08T23:00:00Z;19.661
2011-08-09T00:00:00Z;19.1
2011-08-09T01:00:00Z;18.613
2011-08-09T02:00:00Z;18.217
2011-08-09T03:00:00Z;17.916
2011-08-09T04:00:00Z;17.628
2011-08-09T05:00:00Z;17.662
2011-08-09T06:00:00Z;18.939
2011-08-09T07:00:00Z;20.848
2011-08-09T08:00:00Z;22.963
2011-08-09T09:00:00Z;24.799
2011-08-09T10:00:00Z;26.251
2011-08-09T11:00:00Z;27.454
2011-08-09T12:00:00Z;28.337
2011-08-09T13:00:00Z;28.873
2011-08-09T14:00:00Z;29.018
2011-08-09T15:00:00Z;28.787
2011-08-09T16:00:00Z;28.063
2011-08-09T17:00:00Z;26.83
2011-08-09T18:00:00Z;24.727
2011-08-09T19:00:00Z;22.365
2011-08-09T20:00:00Z;21.302
2011-08-09T21:00:00Z;20.587
2011-08-09T22:00:00Z;19.974
2011-08-09T23:00:00Z;19.438
2011-08-10T00:00:00Z;18.979
2011-08-10T01:00:00Z;18.55
2011-08-10T02:00:00Z;18.177
2011-08-10T03:00:00Z;17.838
2011-08-10T04:00:00Z;17.524
2011-08-10T05:00:00Z;17.583
2011-08-10T06:00:00Z;18.907
2011-08-10T07:00:00Z;20.914
2011-08-10T08:00:00Z;23.169
2011-08-10T09:00:00Z;25.131
2011-08-10T10:00:00Z;26.744
2011-08-10T11:00:00Z;28.017
2011-08-10T12:00:00Z;28.945
2011-08-10T13:00:00Z;29.487
2011-08-10T14:00:00Z;29.645
2011-08-10T15:00:00Z;29.424
2011-08-10T16:00:00Z;28.797
2011-08-10T17:00:00Z;27.703
2011-08-10T18:00:00Z;25.741
2011-08-10T19:00:00Z;23.58
2011-08-10T20:00:00Z;22.51
2011-08-10T21:00:00Z;21.733
2011-08-10T22:00:00Z;21.125
2011-08-10T23:00:00Z;20.608
2011-08-11T00:00:00Z;20.105
2011-08-11T01:00:00Z;19.648
2011-08-11T02:00:00Z;19.281
2011-08-11T03:00:00Z;18.973
2011-08-11T04:00:00Z;18.667
2011-08-11T05:00:00Z;18.766
2011-08-11T06:00:00Z;20.315
2011-08-11T07:00:00Z;22.405
2011-08-11T08:00:00Z;24.739
2011-08-11T09:00:00Z;26.773
2011-08-11T10:00:00Z;28.429
2011-08-11T11:00:00Z;29.59
2011-08-11T12:00:00Z;30.377
2011-08-11T13:00:00Z;30.786
2011-08-11T14:00:00Z;30.819
2011-08-11T15:00:00Z;30.5
2011-08-11T16:00:00Z;29.769
2011-08-11T17:00:00Z;28.558
2011-08-11T18:00:00Z;26.545
2011-08-11T19:00:00Z;24.349
2011-08-11T20:00:00Z;23.224
2011-08-11T21:00:00Z;22.459
2011-08-11T22:00:00Z;21.957
2011-08-11T23:00:00Z;21.515
2011-08-12T00:00:00Z;21.0
2011-08-12T01:00:00Z;20.537
2011-08-12T02:00:00Z;20.121
2011-08-12T03:00:00Z;19.749
2011-08-12T04:00:00Z;19.42
2011-08-12T05:00:00Z;19.451
2011-08-12T06:00:00Z;20.856
2011-08-12T07:00:00Z;22.792
2011-08-12T08:00:00Z;24.972
2011-08-12T09:00:00Z;26.951
2011-08-12T10:00:00Z;28.624
2011-08-12T11:00:00Z;29.858
2011-08-12T12:00:00Z;30.634
2011-08-12T13:00:00Z;30.975
2011-08-12T14:00:00Z;30.907
2011-08-12T15:00:00Z;30.455
2011-08-12T16:00:00Z;29.653
2011-08-12T17:00:00Z;28.407
2011-08-12T18:00:00Z;26.351
2011-08-12T19:00:00Z;24.301
2011-08-12T20:00:00Z;23.215
2011-08-12T21:00:00Z;22.413
2011-08-12T22:00:00Z;21.88
2011-08-12T23:00:00Z;21.336
2011-08-13T00:00:00Z;20.665
2011-08-13T01:00:00Z;20.206
2011-08-13T02:00:00Z;19.886
2011-08-13T03:00:00Z;19.592
2011-08-13T04:00:00Z;19.281
2011-08-13T05:00:00Z;19.226
2011-08-13T06:00:00Z;20.65
2011-08-13T07:00:00Z;22.75
2011-08-13T08:00:00Z;25.05
2011-08-13T09:00:00Z;26.882
2011-08-13T10:00:00Z;28.262
2011-08-13T11:00:00Z;29.3
2011-08-13T12:00:00Z;30.003
2011-08-13T13:00:00Z;30.371
2011-08-13T14:00:00Z;30.401
2011-08-13T15:00:00Z;30.104
2011-08-13T16:00:00Z;29.451
2011-08-13T17:00:00Z;28.384
2011-08-13T18:00:00Z;26.587
2011-08-13T19:00:00Z;24.692
2011-08-13T20:00:00Z;23.672
2011-08-13T21:00:00Z;22.978
2011-08-13T22:00:00Z;22.499
2011-08-13T23:00:00Z;22.093
2011-08-14T00:00:00Z;21.718
2011-08-14T01:00:00Z;21.342
2011-08-14T02:00:00Z;20.956
2011-08-14T03:00:00Z;20.633
2011-08-14T04:00:00Z;20.365
2011-08-14T05:00:00Z;20.43
2011-08-14T06:00:00Z;21.967
2011-08-14T07:00:00Z;23.954
2011-08-14T08:00:00Z;26.594
2011-08-14T09:00:00Z;28.41
2011-08-14T10:00:00Z;29.527
2011-08-14T11:00:00Z;30.265
2011-08-14T12:00:00Z;30.72
2011-08-14T13:00:00Z;30.906
2011-08-14T14:00:00Z;30.987
2011-08-14T15:00:00Z;30.75
2011-08-14T16:00:00Z;29.977
2011-08-14T17:00:00Z;28.791
2011-08-14T18:00:00Z;26.718
2011-08-14T19:00:00Z;24.608
2011-08-14T20:00:00Z;23.703
2011-08-14T21:00:00Z;23.115
2011-08-14T22:00:00Z;22.654
2011-08-14T23:00:00Z;22.204
2011-08-15T00:00:00Z;21.785
2011-08-15T01:00:00Z;21.42
2011-08-15T02:00:00Z;21.112
2011-08-15T03:00:00Z;20.781
2011-08-15T04:00:00Z;20.389
2011-08-15T05:00:00Z;20.278
2011-08-15T06:00:00Z;21.886
2011-08-15T07:00:00Z;24.05
2011-08-15T08:00:00Z;26.673
2011-08-15T09:00:00Z;28.531
2011-08-15T10:00:00Z;29.838
2011-08-15T11:00:00Z;30.839
2011-08-15T12:00:00Z;31.516
2011-08-15T13:00:00Z;31.859
2011-08-15T14:00:00Z;31.854
2011-08-15T15:00:00Z;31.511
2011-08-15T16:00:00Z;30.777
2011-08-15T17:00:00Z;29.562
2011-08-15T18:00:00Z;27.34
2011-08-15T19:00:00Z;25.114
2011-08-15T20:00:00Z;24.052
2011-08-15T21:00:00Z;23.363
2011-08-15T22:00:00Z;22.893
2011-08-15T23:00:00Z;22.487
2011-08-16T00:00:00Z;22.085
2011-08-16T01:00:00Z;21.682
2011-08-16T02:00:00Z;21.307
2011-08-16T03:00:00Z;20.881
2011-08-16T04:00:00Z;20.396
2011-08-16T05:00:00Z;20.209
2011-08-16T06:00:00Z;21.68
2011-08-16T07:00:00Z;23.747
2011-08-16T08:00:00Z;26.188
2011-08-16T09:00:00Z;28.335
2011-08-16T10:00:00Z;30.037
2011-08-16T11:00:00Z;31.224
2011-08-16T12:00:00Z;32.024
2011-08-16T13:00:00Z;32.427
2011-08-16T14:00:00Z;32.448
2011-08-16T15:00:00Z;32.087
2011-08-16T16:00:00Z;31.318
2011-08-16T17:00:00Z;30.059
2011-08-16T18:00:00Z;27.643
2011-08-16T19:00:00Z;25.174
2011-08-16T20:00:00Z;24.022
2011-08-16T21:00:00Z;23.29
2011-08-16T22:00:00Z;22.936
2011-08-16T23:00:00Z;22.679
2011-08-17T00:00:00Z;22.4
2011-08-17T01:00:00Z;21.952
2011-08-17T02:00:00Z;21.524
2011-08-17T03:00:00Z;21.124
2011-08-17T04:00:00Z;20.687
2011-08-17T05:00:00Z;20.425
2011-08-17T06:00:00Z;21.809
2011-08-17T07:00:00Z;23.823
2011-08-17T08:00:00Z;26.426
2011-08-17T09:00:00Z;28.441
2011-08-17T10:00:00Z;29.906
2011-08-17T11:00:00Z;31.003
2011-08-17T12:00:00Z;31.712
2011-08-17T13:00:00Z;32.005
2011-08-17T14:00:00Z;31.893
2011-08-17T15:00:00Z;31.443
2011-08-17T16:00:00Z;30.583
2011-08-17T17:00:00Z;29.239
2011-08-17T18:00:00Z;26.872
2011-08-17T19:00:00Z;24.524
2011-08-17T20:00:00Z;23.507
2011-08-17T21:00:00Z;22.859
2011-08-17T22:00:00Z;22.468
2011-08-17T23:00:00Z;22.183
2011-08-18T00:00:00Z;21.894
2011-08-18T01:00:00Z;21.5
2011-08-18T02:00:00Z;21.036
2011-08-18T03:00:00Z;20.577
2011-08-18T04:00:00Z;20.151
2011-08-18T05:00:00Z;19.998
2011-08-18T06:00:00Z;21.527
2011-08-18T07:00:00Z;23.467
2011-08-18T08:00:00Z;25.74
2011-08-18T09:00:00Z;27.74
2011-08-18T10:00:00Z;29.157
2011-08-18T11:00:00Z;30.218
2011-08-18T12:00:00Z;31.036
2011-08-18T13:00:00Z;31.428
2011-08-18T14:00:00Z;31.422
2011-08-18T15:00:00Z;31.059
2011-08-18T16:00:00Z;30.337
2011-08-18T17:00:00Z;29.14
2011-08-18T18:00:00Z;26.909
2011-08-18T19:00:00Z;24.822
2011-08-18T20:00:00Z;23.771
2011-08-18T21:00:00Z;23.045
2011-08-18T22:00:00Z;22.414
2011-08-18T23:00:00Z;21.874
2011-08-19T00:00:00Z;21.46
2011-08-19T01:00:00Z;21.14
2011-08-19T02:00:00Z;20.87
2011-08-19T03:00:00Z;20.609
2011-08-19T04:00:00Z;20.364
2011-08-19T05:00:00Z;20.38
2011-08-19T06:00:00Z;21.876
2011-08-19T07:00:00Z;23.968
2011-08-19T08:00:00Z;26.464
2011-08-19T09:00:00Z;28.615
2011-08-19T10:00:00Z;30.293
2011-08-19T11:00:00Z;31.558
2011-08-19T12:00:00Z;32.422
2011-08-19T13:00:00Z;32.83
2011-08-19T14:00:00Z;32.832
2011-08-19T15:00:00Z;32.536
2011-08-19T16:00:00Z;31.859
2011-08-19T17:00:00Z;30.704
2011-08-19T18:00:00Z;28.389
2011-08-19T19:00:00Z;26.385
2011-08-19T20:00:00Z;25.483
2011-08-19T21:00:00Z;24.8
2011-08-19T22:00:00Z;24.224
2011-08-19T23:00:00Z;23.734
2011-08-20T00:00:00Z;23.403
2011-08-20T01:00:00Z;23.179
2011-08-20T02:00:00Z;22.964
2011-08-20T03:00:00Z;22.711
2011-08-20T04:00:00Z;22.415
2011-08-20T05:00:00Z;22.248
2011-08-20T06:00:00Z;23.72
2011-08-20T07:00:00Z;25.933
2011-08-20T08:00:00Z;28.546
2011-08-20T09:00:00Z;30.657
2011-08-20T10:00:00Z;32.271
2011-08-20T11:00:00Z;33.39
2011-08-20T12:00:00Z;34.012
2011-08-20T13:00:00Z;34.215
2011-08-20T14:00:00Z;34.022
2011-08-20T15:00:00Z;33.51
2011-08-20T16:00:00Z;32.613
2011-08-20T17:00:00Z;31.203
2011-08-20T18:00:00Z;28.607
2011-08-20T19:00:00Z;26.458
2011-08-20T20:00:00Z;25.568
2011-08-20T21:00:00Z;24.833
2011-08-20T22:00:00Z;24.056
2011-08-20T23:00:00Z;23.44
2011-08-21T00:00:00Z;22.978
2011-08-21T01:00:00Z;22.577
2011-08-21T02:00:00Z;22.264
2011-08-21T03:00:00Z;22.016
2011-08-21T04:00:00Z;21.753
2011-08-21T05:00:00Z;21.671
2011-08-21T06:00:00Z;23.09
2011-08-21T07:00:00Z;25.153
2011-08-21T08:00:00Z;27.465
2011-08-21T09:00:00Z;29.209
2011-08-21T10:00:00Z;30.459
2011-08-21T11:00:00Z;31.358
2011-08-21T12:00:00Z;31.944
2011-08-21T13:00:00Z;32.144
2011-08-21T14:00:00Z;31.991
2011-08-21T15:00:00Z;31.506
2011-08-21T16:00:00Z;30.668
2011-08-21T17:00:00Z;29.223
2011-08-21T18:00:00Z;26.794
2011-08-21T19:00:00Z;24.877
2011-08-21T20:00:00Z;23.864
2011-08-21T21:00:00Z;23.049
2011-08-21T22:00:00Z;22.423
2011-08-21T23:00:00Z;22.023
2011-08-22T00:00:00Z;21.694
2011-08-22T01:00:00Z;21.333
2011-08-22T02:00:00Z;20.93
2011-08-22T03:00:00Z;20.547
2011-08-22T04:00:00Z;20.226
2011-08-22T05:00:00Z;20.029
2011-08-22T06:00:00Z;21.09
2011-08-22T07:00:00Z;22.623
2011-08-22T08:00:00Z;24.386
2011-08-22T09:00:00Z;25.974
2011-08-22T10:00:00Z;27.328
2011-08-22T11:00:00Z;28.458
2011-08-22T12:00:00Z;29.285
2011-08-22T13:00:00Z;29.717
2011-08-22T14:00:00Z;29.782
2011-08-22T15:00:00Z;29.429
2011-08-22T16:00:00Z;28.633
2011-08-22T17:00:00Z;27.389
2011-08-22T18:00:00Z;25.236
2011-08-22T19:00:00Z;23.274
2011-08-22T20:00:00Z;22.401
2011-08-22T21:00:00Z;21.738
2011-08-22T22:00:00Z;21.277
2011-08-22T23:00:00Z;20.925
2011-08-23T00:00:00Z;20.65
2011-08-23T01:00:00Z;20.405
2011-08-23T02:00:00Z;20.165
2011-08-23T03:00:00Z;19.842
2011-08-23T04:00:00Z;19.46
2011-08-23T05:00:00Z;19.258
2011-08-23T06:00:00Z;20.719
2011-08-23T07:00:00Z;22.839
2011-08-23T08:00:00Z;25.095
2011-08-23T09:00:00Z;26.728
2011-08-23T10:00:00Z;27.96
2011-08-23T11:00:00Z;28.91
2011-08-23T12:00:00Z;29.569
2011-08-23T13:00:00Z;29.884
2011-08-23T14:00:00Z;29.826
2011-08-23T15:00:00Z;29.42
2011-08-23T16:00:00Z;28.621
2011-08-23T17:00:00Z;27.395
2011-08-23T18:00:00Z;25.33
2011-08-23T19:00:00Z;23.397
2011-08-23T20:00:00Z;22.474
2011-08-23T21:00:00Z;21.786
2011-08-23T22:00:00Z;21.221
2011-08-23T23:00:00Z;20.741
2011-08-24T00:00:00Z;20.326
2011-08-24T01:00:00Z;19.95
2011-08-24T02:00:00Z;19.58
2011-08-24T03:00:00Z;19.194
2011-08-24T04:00:00Z;18.818
2011-08-24T05:00:00Z;18.623
2011-08-24T06:00:00Z;19.935
2011-08-24T07:00:00Z;21.982
2011-08-24T08:00:00Z;24.307
2011-08-24T09:00:00Z;26.053
2011-08-24T10:00:00Z;27.472
2011-08-24T11:00:00Z;28.629
2011-08-24T12:00:00Z;29.412
2011-08-24T13:00:00Z;29.819
2011-08-24T14:00:00Z;29.853
2011-08-24T15:00:00Z;29.54
2011-08-24T16:00:00Z;28.816
2011-08-24T17:00:00Z;27.605
2011-08-24T18:00:00Z;25.298
2011-08-24T19:00:00Z;23.22
2011-08-24T20:00:00Z;22.279
2011-08-24T21:00:00Z;21.59
2011-08-24T22:00:00Z;21.076
2011-08-24T23:00:00Z;20.623
2011-08-25T00:00:00Z;20.251
2011-08-25T01:00:00Z;19.924
2011-08-25T02:00:00Z;19.637
2011-08-25T03:00:00Z;19.32
2011-08-25T04:00:00Z;18.978
2011-08-25T05:00:00Z;18.789
2011-08-25T06:00:00Z;20.151
2011-08-25T07:00:00Z;22.167
2011-08-25T08:00:00Z;24.897
2011-08-25T09:00:00Z;26.781
2011-08-25T10:00:00Z;28.111
2011-08-25T11:00:00Z;29.105
2011-08-25T12:00:00Z;29.769
2011-08-25T13:00:00Z;30.09
2011-08-25T14:00:00Z;30.023
2011-08-25T15:00:00Z;29.574
2011-08-25T16:00:00Z;28.695
2011-08-25T17:00:00Z;27.358
2011-08-25T18:00:00Z;25.291
2011-08-25T19:00:00Z;23.399
2011-08-25T20:00:00Z;22.439
2011-08-25T21:00:00Z;21.758
2011-08-25T22:00:00Z;21.191
2011-08-25T23:00:00Z;20.731
2011-08-26T00:00:00Z;20.342
2011-08-26T01:00:00Z;20.041
2011-08-26T02:00:00Z;19.695
2011-08-26T03:00:00Z;19.294
2011-08-26T04:00:00Z;18.87
2011-08-26T05:00:00Z;18.668
2011-08-26T06:00:00Z;19.581
2011-08-26T07:00:00Z;21.008
2011-08-26T08:00:00Z;22.605
2011-08-26T09:00:00Z;24.07
2011-08-26T10:00:00Z;25.353
2011-08-26T11:00:00Z;26.444
2011-08-26T12:00:00Z;27.22
2011-08-26T13:00:00Z;27.626
2011-08-26T14:00:00Z;27.673
2011-08-26T15:00:00Z;27.307
2011-08-26T16:00:00Z;26.478
2011-08-26T17:00:00Z;25.209
2011-08-26T18:00:00Z;23.125
2011-08-26T19:00:00Z;20.961
2011-08-26T20:00:00Z;19.857
2011-08-26T21:00:00Z;19.034
2011-08-26T22:00:00Z;18.303
2011-08-26T23:00:00Z;17.595
2011-08-27T00:00:00Z;16.985
2011-08-27T01:00:00Z;16.487
2011-08-27T02:00:00Z;16.087
2011-08-27T03:00:00Z;15.725
2011-08-27T04:00:00Z;15.407
2011-08-27T05:00:00Z;15.274
2011-08-27T06:00:00Z;16.817
2011-08-27T07:00:00Z;19.036
2011-08-27T08:00:00Z;21.399
2011-08-27T09:00:00Z;23.261
2011-08-27T10:00:00Z;24.578
2011-08-27T11:00:00Z;25.604
2011-08-27T12:00:00Z;26.366
2011-08-27T13:00:00Z;26.828
2011-08-27T14:00:00Z;26.935
2011-08-27T15:00:00Z;26.698
2011-08-27T16:00:00Z;26.065
2011-08-27T17:00:00Z;24.932
2011-08-27T18:00:00Z;22.697
2011-08-27T19:00:00Z;21.007
2011-08-27T20:00:00Z;20.139
2011-08-27T21:00:00Z;19.505
2011-08-27T22:00:00Z;19.054
2011-08-27T23:00:00Z;18.665
2011-08-28T00:00:00Z;18.333
2011-08-28T01:00:00Z;18.04
2011-08-28T02:00:00Z;17.738
2011-08-28T03:00:00Z;17.463
2011-08-28T04:00:00Z;17.186
2011-08-28T05:00:00Z;17.048
2011-08-28T06:00:00Z;18.367
2011-08-28T07:00:00Z;20.248
2011-08-28T08:00:00Z;22.481
2011-08-28T09:00:00Z;24.623
2011-08-28T10:00:00Z;26.164
2011-08-28T11:00:00Z;27.357
2011-08-28T12:00:00Z;28.215
2011-08-28T13:00:00Z;28.721
2011-08-28T14:00:00Z;28.816
2011-08-28T15:00:00Z;28.565
2011-08-28T16:00:00Z;27.894
2011-08-28T17:00:00Z;26.671
2011-08-28T18:00:00Z;24.171
2011-08-28T19:00:00Z;22.283
2011-08-28T20:00:00Z;21.374
2011-08-28T21:00:00Z;20.678
2011-08-28T22:00:00Z;20.181
2011-08-28T23:00:00Z;19.804
2011-08-29T00:00:00Z;19.483
2011-08-29T01:00:00Z;19.209
2011-08-29T02:00:00Z;18.95
2011-08-29T03:00:00Z;18.687
2011-08-29T04:00:00Z;18.421
2011-08-29T05:00:00Z;18.263
2011-08-29T06:00:00Z;19.515
2011-08-29T07:00:00Z;21.557
2011-08-29T08:00:00Z;24.144
2011-08-29T09:00:00Z;25.994
2011-08-29T10:00:00Z;27.329
2011-08-29T11:00:00Z;28.364
2011-08-29T12:00:00Z;29.05
2011-08-29T13:00:00Z;29.385
2011-08-29T14:00:00Z;29.327
2011-08-29T15:00:00Z;28.953
2011-08-29T16:00:00Z;28.202
2011-08-29T17:00:00Z;26.951
2011-08-29T18:00:00Z;24.462
2011-08-29T19:00:00Z;22.543
2011-08-29T20:00:00Z;21.632
2011-08-29T21:00:00Z;20.974
2011-08-29T22:00:00Z;20.523
2011-08-29T23:00:00Z;20.127
2011-08-30T00:00:00Z;19.719
2011-08-30T01:00:00Z;19.352
2011-08-30T02:00:00Z;19.098
2011-08-30T03:00:00Z;18.81
2011-08-30T04:00:00Z;18.416
2011-08-30T05:00:00Z;18.095
2011-08-30T06:00:00Z;19.166
2011-08-30T07:00:00Z;21.125
2011-08-30T08:00:00Z;23.653
2011-08-30T09:00:00Z;25.77
2011-08-30T10:00:00Z;27.176
2011-08-30T11:00:00Z;28.229
2011-08-30T12:00:00Z;28.956
2011-08-30T13:00:00Z;29.317
2011-08-30T14:00:00Z;29.292
2011-08-30T15:00:00Z;28.908
2011-08-30T16:00:00Z;28.127
2011-08-30T17:00:00Z;26.817
2011-08-30T18:00:00Z;24.349
2011-08-30T19:00:00Z;22.537
2011-08-30T20:00:00Z;21.695
2011-08-30T21:00:00Z;21.078
2011-08-30T22:00:00Z;20.584
2011-08-30T23:00:00Z;20.176
2011-08-31T00:00:00Z;19.866
2011-08-31T01:00:00Z;19.686
2011-08-31T02:00:00Z;19.514
2011-08-31T03:00:00Z;19.328
2011-08-31T04:00:00Z;19.117
2011-08-31T05:00:00Z;18.937
2011-08-31T06:00:00Z;19.697
2011-08-31T07:00:00Z;20.907
2011-08-31T08:00:00Z;22.495
2011-08-31T09:00:00Z;23.977
2011-08-31T10:00:00Z;25.143
2011-08-31T11:00:00Z;26.046
2011-08-31T12:00:00Z;26.615
2011-08-31T13:00:00Z;26.775
2011-08-31T14:00:00Z;26.676
2011-08-31T15:00:00Z;26.392
2011-08-31T16:00:00Z;25.854
2011-08-31T17:00:00Z;24.87
2011-08-31T18:00:00Z;23.1
2011-08-31T19:00:00Z;21.866
2011-08-31T20:00:00Z;21.209
2011-08-31T21:00:00Z;20.68
2011-08-31T22:00:00Z;20.228
2011-08-31T23:00:00Z;19.797
2011-09-01T00:00:00Z;19.405
2011-09-01T01:00:00Z;19.072
2011-09-01T02:00:00Z;18.834
2011-09-01T03:00:00Z;18.682
2011-09-01T04:00:00Z;18.546
2011-09-01T05:00:00Z;18.442
2011-09-01T06:00:00Z;19.387
2011-09-01T07:00:00Z;20.887
2011-09-01T08:00:00Z;22.539
2011-09-01T09:00:00Z;24.162
2011-09-01T10:00:00Z;25.534
2011-09-01T11:00:00Z;26.558
2011-09-01T12:00:00Z;27.307
2011-09-01T13:00:00Z;27.596
2011-09-01T14:00:00Z;27.473
2011-09-01T15:00:00Z;27.068
2011-09-01T16:00:00Z;26.325
2011-09-01T17:00:00Z;25.136
2011-09-01T18:00:00Z;23.292
2011-09-01T19:00:00Z;22.008
2011-09-01T20:00:00Z;21.262
2011-09-01T21:00:00Z;20.661
2011-09-01T22:00:00Z;20.12
2011-09-01T23:00:00Z;19.669
2011-09-02T00:00:00Z;19.251
2011-09-02T01:00:00Z;18.851
2011-09-02T02:00:00Z;18.552
2011-09-02T03:00:00Z;18.328
2011-09-02T04:00:00Z;18.143
2011-09-02T05:00:00Z;17.976
2011-09-02T06:00:00Z;18.811
2011-09-02T07:00:00Z;20.178
2011-09-02T08:00:00Z;21.777
2011-09-02T09:00:00Z;23.136
2011-09-02T10:00:00Z;24.102
2011-09-02T11:00:00Z;24.672
2011-09-02T12:00:00Z;24.957
2011-09-02T13:00:00Z;25.007
2011-09-02T14:00:00Z;24.777
2011-09-02T15:00:00Z;24.25
2011-09-02T16:00:00Z;23.491
2011-09-02T17:00:00Z;22.544
2011-09-02T18:00:00Z;21.183
2011-09-02T19:00:00Z;20.161
2011-09-02T20:00:00Z;19.572
2011-09-02T21:00:00Z;19.079
2011-09-02T22:00:00Z;18.6
2011-09-02T23:00:00Z;18.191
2011-09-03T00:00:00Z;17.844
2011-09-03T01:00:00Z;17.5
2011-09-03T02:00:00Z;17.209
2011-09-03T03:00:00Z;16.985
2011-09-03T04:00:00Z;16.77
2011-09-03T05:00:00Z;16.616
2011-09-03T06:00:00Z;17.359
2011-09-03T07:00:00Z;18.912
2011-09-03T08:00:00Z;20.775
2011-09-03T09:00:00Z;22.325
2011-09-03T10:00:00Z;23.309
2011-09-03T11:00:00Z;23.956
2011-09-03T12:00:00Z;24.429
2011-09-03T13:00:00Z;24.693
2011-09-03T14:00:00Z;24.597
2011-09-03T15:00:00Z;24.23
2011-09-03T16:00:00Z;23.758
2011-09-03T17:00:00Z;23.015
2011-09-03T18:00:00Z;21.414
2011-09-03T19:00:00Z;20.306
2011-09-03T20:00:00Z;19.708
2011-09-03T21:00:00Z;19.094
2011-09-03T22:00:00Z;18.53
2011-09-03T23:00:00Z;18.067
2011-09-04T00:00:00Z;17.65
2011-09-04T01:00:00Z;17.299
2011-09-04T02:00:00Z;16.919
2011-09-04T03:00:00Z;16.591
2011-09-04T04:00:00Z;16.311
2011-09-04T05:00:00Z;16.104
2011-09-04T06:00:00Z;17.071
2011-09-04T07:00:00Z;19.045
2011-09-04T08:00:00Z;21.318
2011-09-04T09:00:00Z;22.964
2011-09-04T10:00:00Z;24.237
2011-09-04T11:00:00Z;25.244
2011-09-04T12:00:00Z;25.983
2011-09-04T13:00:00Z;26.411
2011-09-04T14:00:00Z;26.496
2011-09-04T15:00:00Z;26.23
2011-09-04T16:00:00Z;25.574
2011-09-04T17:00:00Z;24.44
2011-09-04T18:00:00Z;22.361
2011-09-04T19:00:00Z;21.002
2011-09-04T20:00:00Z;20.181
2011-09-04T21:00:00Z;19.418
2011-09-04T22:00:00Z;18.846
2011-09-04T23:00:00Z;18.379
2011-09-05T00:00:00Z;17.948
2011-09-05T01:00:00Z;17.518
2011-09-05T02:00:00Z;17.082
2011-09-05T03:00:00Z;16.64
2011-09-05T04:00:00Z;16.27
2011-09-05T05:00:00Z;16.008
2011-09-05T06:00:00Z;16.937
2011-09-05T07:00:00Z;18.86
2011-09-05T08:00:00Z;21.33
2011-09-05T09:00:00Z;23.207
2011-09-05T10:00:00Z;24.463
2011-09-05T11:00:00Z;25.454
2011-09-05T12:00:00Z;26.202
2011-09-05T13:00:00Z;26.616
2011-09-05T14:00:00Z;26.709
2011-09-05T15:00:00Z;26.49
2011-09-05T16:00:00Z;25.842
2011-09-05T17:00:00Z;24.64
2011-09-05T18:00:00Z;22.163
2011-09-05T19:00:00Z;20.549
2011-09-05T20:00:00Z;19.722
2011-09-05T21:00:00Z;19.125
2011-09-05T22:00:00Z;18.683
2011-09-05T23:00:00Z;18.206
2011-09-06T00:00:00Z;17.714
2011-09-06T01:00:00Z;17.264
2011-09-06T02:00:00Z;16.892
2011-09-06T03:00:00Z;16.564
2011-09-06T04:00:00Z;16.274
2011-09-06T05:00:00Z;16.1
2011-09-06T06:00:00Z;17.353
2011-09-06T07:00:00Z;19.602
2011-09-06T08:00:00Z;22.048
2011-09-06T09:00:00Z;24.283
2011-09-06T10:00:00Z;25.864
2011-09-06T11:00:00Z;27.044
2011-09-06T12:00:00Z;27.909
2011-09-06T13:00:00Z;28.413
2011-09-06T14:00:00Z;28.522
2011-09-06T15:00:00Z;28.262
2011-09-06T16:00:00Z;27.582
2011-09-06T17:00:00Z;26.219
2011-09-06T18:00:00Z;23.51
2011-09-06T19:00:00Z;21.996
2011-09-06T20:00:00Z;21.121
2011-09-06T21:00:00Z;20.511
2011-09-06T22:00:00Z;19.953
2011-09-06T23:00:00Z;19.461
2011-09-07T00:00:00Z;19.025
2011-09-07T01:00:00Z;18.658
2011-09-07T02:00:00Z;18.35
2011-09-07T03:00:00Z;18.037
2011-09-07T04:00:00Z;17.705
2011-09-07T05:00:00Z;17.404
2011-09-07T06:00:00Z;18.402
2011-09-07T07:00:00Z;20.995
2011-09-07T08:00:00Z;23.794
2011-09-07T09:00:00Z;26.4
2011-09-07T10:00:00Z;28.0
2011-09-07T11:00:00Z;29.072
2011-09-07T12:00:00Z;29.778
2011-09-07T13:00:00Z;30.137
2011-09-07T14:00:00Z;30.13
2011-09-07T15:00:00Z;29.737
2011-09-07T16:00:00Z;28.91
2011-09-07T17:00:00Z;27.308
2011-09-07T18:00:00Z;24.303
2011-09-07T19:00:00Z;22.721
2011-09-07T20:00:00Z;21.751
2011-09-07T21:00:00Z;20.947
2011-09-07T22:00:00Z;20.297
2011-09-07T23:00:00Z;19.866
2011-09-08T00:00:00Z;19.487
2011-09-08T01:00:00Z;19.135
2011-09-08T02:00:00Z;18.85
2011-09-08T03:00:00Z;18.613
2011-09-08T04:00:00Z;18.362
2011-09-08T05:00:00Z;18.138
2011-09-08T06:00:00Z;19.11
2011-09-08T07:00:00Z;21.415
2011-09-08T08:00:00Z;23.977
2011-09-08T09:00:00Z;26.545
2011-09-08T10:00:00Z;28.402
2011-09-08T11:00:00Z;29.595
2011-09-08T12:00:00Z;30.284
2011-09-08T13:00:00Z;30.594
2011-09-08T14:00:00Z;30.536
2011-09-08T15:00:00Z;30.157
2011-09-08T16:00:00Z;29.35
2011-09-08T17:00:00Z;27.703
2011-09-08T18:00:00Z;24.562
2011-09-08T19:00:00Z;23.023
2011-09-08T20:00:00Z;22.137
2011-09-08T21:00:00Z;21.482
2011-09-08T22:00:00Z;21.09
2011-09-08T23:00:00Z;20.811
2011-09-09T00:00:00Z;20.626
2011-09-09T01:00:00Z;20.358
2011-09-09T02:00:00Z;19.989
2011-09-09T03:00:00Z;19.576
2011-09-09T04:00:00Z;19.132
2011-09-09T05:00:00Z;18.77
2011-09-09T06:00:00Z;19.497
2011-09-09T07:00:00Z;21.896
2011-09-09T08:00:00Z;24.486
2011-09-09T09:00:00Z;27.237
2011-09-09T10:00:00Z;29.113
2011-09-09T11:00:00Z;30.322
2011-09-09T12:00:00Z;31.081
2011-09-09T13:00:00Z;31.419
2011-09-09T14:00:00Z;31.354
2011-09-09T15:00:00Z;30.981
2011-09-09T16:00:00Z;30.184
2011-09-09T17:00:00Z;28.449
2011-09-09T18:00:00Z;25.233
2011-09-09T19:00:00Z;23.603
2011-09-09T20:00:00Z;22.654
2011-09-09T21:00:00Z;21.976
2011-09-09T22:00:00Z;21.524
2011-09-09T23:00:00Z;21.174
2011-09-10T00:00:00Z;20.8
2011-09-10T01:00:00Z;20.357
2011-09-10T02:00:00Z;19.894
2011-09-10T03:00:00Z;19.434
2011-09-10T04:00:00Z;18.984
2011-09-10T05:00:00Z;18.571
2011-09-10T06:00:00Z;19.34
2011-09-10T07:00:00Z;21.532
2011-09-10T08:00:00Z;24.073
2011-09-10T09:00:00Z;26.391
2011-09-10T10:00:00Z;27.879
2011-09-10T11:00:00Z;28.909
2011-09-10T12:00:00Z;29.547
2011-09-10T13:00:00Z;29.801
2011-09-10T14:00:00Z;29.647
2011-09-10T15:00:00Z;29.062
2011-09-10T16:00:00Z;28.064
2011-09-10T17:00:00Z;26.474
2011-09-10T18:00:00Z;23.871
2011-09-10T19:00:00Z;22.373
2011-09-10T20:00:00Z;21.51
2011-09-10T21:00:00Z;20.898
2011-09-10T22:00:00Z;20.459
2011-09-10T23:00:00Z;20.051
2011-09-11T00:00:00Z;19.664
2011-09-11T01:00:00Z;19.344
2011-09-11T02:00:00Z;19.052
2011-09-11T03:00:00Z;18.752
2011-09-11T04:00:00Z;18.4
2011-09-11T05:00:00Z;18.12
2011-09-11T06:00:00Z;18.936
2011-09-11T07:00:00Z;20.71
2011-09-11T08:00:00Z;22.787
2011-09-11T09:00:00Z;24.462
2011-09-11T10:00:00Z;25.862
2011-09-11T11:00:00Z;26.999
2011-09-11T12:00:00Z;27.752
2011-09-11T13:00:00Z;28.182
2011-09-11T14:00:00Z;28.388
2011-09-11T15:00:00Z;28.211
2011-09-11T16:00:00Z;27.536
2011-09-11T17:00:00Z;26.152
2011-09-11T18:00:00Z;23.83
2011-09-11T19:00:00Z;22.563
2011-09-11T20:00:00Z;21.718
2011-09-11T21:00:00Z;21.032
2011-09-11T22:00:00Z;20.495
2011-09-11T23:00:00Z;19.949
2011-09-12T00:00:00Z;19.443
2011-09-12T01:00:00Z;19.021
2011-09-12T02:00:00Z;18.732
2011-09-12T03:00:00Z;18.458
2011-09-12T04:00:00Z;18.153
2011-09-12T05:00:00Z;17.884
2011-09-12T06:00:00Z;18.767
2011-09-12T07:00:00Z;21.103
2011-09-12T08:00:00Z;23.74
2011-09-12T09:00:00Z;25.984
2011-09-12T10:00:00Z;27.471
2011-09-12T11:00:00Z;28.591
2011-09-12T12:00:00Z;29.383
2011-09-12T13:00:00Z;29.808
2011-09-12T14:00:00Z;29.841
2011-09-12T15:00:00Z;29.507
2011-09-12T16:00:00Z;28.73
2011-09-12T17:00:00Z;27.2
2011-09-12T18:00:00Z;24.538
2011-09-12T19:00:00Z;23.094
2011-09-12T20:00:00Z;22.186
2011-09-12T21:00:00Z;21.424
2011-09-12T22:00:00Z;20.807
2011-09-12T23:00:00Z;20.3
2011-09-13T00:00:00Z;19.782
2011-09-13T01:00:00Z;19.303
2011-09-13T02:00:00Z;18.895
2011-09-13T03:00:00Z;18.575
2011-09-13T04:00:00Z;18.328
2011-09-13T05:00:00Z;18.125
2011-09-13T06:00:00Z;18.927
2011-09-13T07:00:00Z;21.286
2011-09-13T08:00:00Z;23.798
2011-09-13T09:00:00Z;26.146
2011-09-13T10:00:00Z;27.761
2011-09-13T11:00:00Z;28.841
2011-09-13T12:00:00Z;29.504
2011-09-13T13:00:00Z;29.79
2011-09-13T14:00:00Z;29.689
2011-09-13T15:00:00Z;29.239
2011-09-13T16:00:00Z;28.385
2011-09-13T17:00:00Z;26.869
2011-09-13T18:00:00Z;24.376
2011-09-13T19:00:00Z;23.09
2011-09-13T20:00:00Z;22.176
2011-09-13T21:00:00Z;21.502
2011-09-13T22:00:00Z;20.83
2011-09-13T23:00:00Z;20.394
2011-09-14T00:00:00Z;19.977
2011-09-14T01:00:00Z;19.554
2011-09-14T02:00:00Z;19.161
2011-09-14T03:00:00Z;18.836
2011-09-14T04:00:00Z;18.559
2011-09-14T05:00:00Z;18.346
2011-09-14T06:00:00Z;19.068
2011-09-14T07:00:00Z;21.201
2011-09-14T08:00:00Z;23.707
2011-09-14T09:00:00Z;25.908
2011-09-14T10:00:00Z;27.478
2011-09-14T11:00:00Z;28.594
2011-09-14T12:00:00Z;29.294
2011-09-14T13:00:00Z;29.599
2011-09-14T14:00:00Z;29.552
2011-09-14T15:00:00Z;29.164
2011-09-14T16:00:00Z;28.363
2011-09-14T17:00:00Z;26.905
2011-09-14T18:00:00Z;24.26
2011-09-14T19:00:00Z;22.986
2011-09-14T20:00:00Z;22.196
2011-09-14T21:00:00Z;21.564
2011-09-14T22:00:00Z;21.081
2011-09-14T23:00:00Z;20.636
2011-09-15T00:00:00Z;20.206
2011-09-15T01:00:00Z;19.825
2011-09-15T02:00:00Z;19.499
2011-09-15T03:00:00Z;19.227
2011-09-15T04:00:00Z;18.949
2011-09-15T05:00:00Z;18.697
2011-09-15T06:00:00Z;19.359
2011-09-15T07:00:00Z;21.528
2011-09-15T08:00:00Z;24.023
2011-09-15T09:00:00Z;26.182
2011-09-15T10:00:00Z;27.765
2011-09-15T11:00:00Z;28.909
2011-09-15T12:00:00Z;29.651
2011-09-15T13:00:00Z;29.983
2011-09-15T14:00:00Z;29.905
2011-09-15T15:00:00Z;29.45
2011-09-15T16:00:00Z;28.539
2011-09-15T17:00:00Z;26.913
2011-09-15T18:00:00Z;24.321
2011-09-15T19:00:00Z;22.996
2011-09-15T20:00:00Z;22.114
2011-09-15T21:00:00Z;21.434
2011-09-15T22:00:00Z;20.929
2011-09-15T23:00:00Z;20.505
2011-09-16T00:00:00Z;20.082
2011-09-16T01:00:00Z;19.66
2011-09-16T02:00:00Z;19.298
2011-09-16T03:00:00Z;19.001
2011-09-16T04:00:00Z;18.732
2011-09-16T05:00:00Z;18.49
2011-09-16T06:00:00Z;19.055
2011-09-16T07:00:00Z;20.932
2011-09-16T08:00:00Z;23.072
2011-09-16T09:00:00Z;25.029
2011-09-16T10:00:00Z;26.682
2011-09-16T11:00:00Z;27.84
2011-09-16T12:00:00Z;28.568
2011-09-16T13:00:00Z;28.87
2011-09-16T14:00:00Z;28.764
2011-09-16T15:00:00Z;28.276
2011-09-16T16:00:00Z;27.328
2011-09-16T17:00:00Z;25.817
2011-09-16T18:00:00Z;23.441
2011-09-16T19:00:00Z;22.245
2011-09-16T20:00:00Z;21.495
2011-09-16T21:00:00Z;20.931
2011-09-16T22:00:00Z;20.471
2011-09-16T23:00:00Z;20.036
2011-09-17T00:00:00Z;19.649
2011-09-17T01:00:00Z;19.302
2011-09-17T02:00:00Z;18.986
2011-09-17T03:00:00Z;18.701
2011-09-17T04:00:00Z;18.466
2011-09-17T05:00:00Z;18.262
2011-09-17T06:00:00Z;18.648
2011-09-17T07:00:00Z;20.407
2011-09-17T08:00:00Z;22.87
2011-09-17T09:00:00Z;24.72
2011-09-17T10:00:00Z;25.995
2011-09-17T11:00:00Z;26.985
2011-09-17T12:00:00Z;27.68
2011-09-17T13:00:00Z;27.987
2011-09-17T14:00:00Z;27.888
2011-09-17T15:00:00Z;27.46
2011-09-17T16:00:00Z;26.692
2011-09-17T17:00:00Z;25.373
2011-09-17T18:00:00Z;23.075
2011-09-17T19:00:00Z;22.098
2011-09-17T20:00:00Z;21.357
2011-09-17T21:00:00Z;20.588
2011-09-17T22:00:00Z;20.068
2011-09-17T23:00:00Z;19.662
2011-09-18T00:00:00Z;19.269
2011-09-18T01:00:00Z;18.879
2011-09-18T02:00:00Z;18.534
2011-09-18T03:00:00Z;18.214
2011-09-18T04:00:00Z;17.858
2011-09-18T05:00:00Z;17.532
2011-09-18T06:00:00Z;17.767
2011-09-18T07:00:00Z;19.121
2011-09-18T08:00:00Z;20.876
2011-09-18T09:00:00Z;22.425
2011-09-18T10:00:00Z;23.477
2011-09-18T11:00:00Z;24.361
2011-09-18T12:00:00Z;24.929
2011-09-18T13:00:00Z;25.173
2011-09-18T14:00:00Z;25.04
2011-09-18T15:00:00Z;24.446
2011-09-18T16:00:00Z;23.412
2011-09-18T17:00:00Z;21.913
2011-09-18T18:00:00Z;19.817
2011-09-18T19:00:00Z;18.523
2011-09-18T20:00:00Z;17.537
2011-09-18T21:00:00Z;16.769
2011-09-18T22:00:00Z;16.153
2011-09-18T23:00:00Z;15.595
2011-09-19T00:00:00Z;15.072
2011-09-19T01:00:00Z;14.631
2011-09-19T02:00:00Z;14.231
2011-09-19T03:00:00Z;13.847
2011-09-19T04:00:00Z;13.523
2011-09-19T05:00:00Z;13.27
2011-09-19T06:00:00Z;13.794
2011-09-19T07:00:00Z;15.854
2011-09-19T08:00:00Z;18.172
2011-09-19T09:00:00Z;20.115
2011-09-19T10:00:00Z;21.754
2011-09-19T11:00:00Z;23.134
2011-09-19T12:00:00Z;24.207
2011-09-19T13:00:00Z;24.906
2011-09-19T14:00:00Z;25.174
2011-09-19T15:00:00Z;25.008
2011-09-19T16:00:00Z;24.303
2011-09-19T17:00:00Z;22.689
2011-09-19T18:00:00Z;19.883
2011-09-19T19:00:00Z;18.707
2011-09-19T20:00:00Z;17.972
2011-09-19T21:00:00Z;17.379
2011-09-19T22:00:00Z;16.881
2011-09-19T23:00:00Z;16.413
2011-09-20T00:00:00Z;15.949
2011-09-20T01:00:00Z;15.499
2011-09-20T02:00:00Z;15.091
2011-09-20T03:00:00Z;14.751
2011-09-20T04:00:00Z;14.494
2011-09-20T05:00:00Z;14.301
2011-09-20T06:00:00Z;14.877
2011-09-20T07:00:00Z;17.243
2011-09-20T08:00:00Z;19.835
2011-09-20T09:00:00Z;22.318
2011-09-20T10:00:00Z;24.186
2011-09-20T11:00:00Z;25.564
2011-09-20T12:00:00Z;26.552
2011-09-20T13:00:00Z;27.103
2011-09-20T14:00:00Z;27.187
2011-09-20T15:00:00Z;26.846
2011-09-20T16:00:00Z;25.997
2011-09-20T17:00:00Z;24.118
2011-09-20T18:00:00Z;21.378
2011-09-20T19:00:00Z;20.293
2011-09-20T20:00:00Z;19.63
2011-09-20T21:00:00Z;19.132
2011-09-20T22:00:00Z;18.673
2011-09-20T23:00:00Z;18.156
2011-09-21T00:00:00Z;17.634
2011-09-21T01:00:00Z;17.165
2011-09-21T02:00:00Z;16.726
2011-09-21T03:00:00Z;16.333
2011-09-21T04:00:00Z;15.993
2011-09-21T05:00:00Z;15.743
2011-09-21T06:00:00Z;16.172
2011-09-21T07:00:00Z;18.362
2011-09-21T08:00:00Z;20.725
2011-09-21T09:00:00Z;22.992
2011-09-21T10:00:00Z;24.789
2011-09-21T11:00:00Z;26.04
2011-09-21T12:00:00Z;26.851
2011-09-21T13:00:00Z;27.278
2011-09-21T14:00:00Z;27.329
2011-09-21T15:00:00Z;26.962
2011-09-21T16:00:00Z;26.071
2011-09-21T17:00:00Z;24.254
2011-09-21T18:00:00Z;21.531
2011-09-21T19:00:00Z;20.361
2011-09-21T20:00:00Z;19.575
2011-09-21T21:00:00Z;19.02
2011-09-21T22:00:00Z;18.66
2011-09-21T23:00:00Z;18.351
2011-09-22T00:00:00Z;18.076
2011-09-22T01:00:00Z;17.78
2011-09-22T02:00:00Z;17.488
2011-09-22T03:00:00Z;17.165
2011-09-22T04:00:00Z;16.84
2011-09-22T05:00:00Z;16.558
2011-09-22T06:00:00Z;16.807
2011-09-22T07:00:00Z;18.674
2011-09-22T08:00:00Z;20.973
2011-09-22T09:00:00Z;23.28
2011-09-22T10:00:00Z;25.041
2011-09-22T11:00:00Z;26.168
2011-09-22T12:00:00Z;26.861
2011-09-22T13:00:00Z;27.14
2011-09-22T14:00:00Z;27.032
2011-09-22T15:00:00Z;26.551
2011-09-22T16:00:00Z;25.669
2011-09-22T17:00:00Z;23.977
2011-09-22T18:00:00Z;21.652
2011-09-22T19:00:00Z;20.628
2011-09-22T20:00:00Z;19.992
2011-09-22T21:00:00Z;19.543
2011-09-22T22:00:00Z;19.158
2011-09-22T23:00:00Z;18.778
2011-09-23T00:00:00Z;18.283
2011-09-23T01:00:00Z;17.876
2011-09-23T02:00:00Z;17.606
2011-09-23T03:00:00Z;17.357
2011-09-23T04:00:00Z;17.065
2011-09-23T05:00:00Z;16.733
2011-09-23T06:00:00Z;16.855
2011-09-23T07:00:00Z;18.563
2011-09-23T08:00:00Z;20.584
2011-09-23T09:00:00Z;22.605
2011-09-23T10:00:00Z;24.12
2011-09-23T11:00:00Z;25.128
2011-09-23T12:00:00Z;25.652
2011-09-23T13:00:00Z;25.727
2011-09-23T14:00:00Z;25.423
2011-09-23T15:00:00Z;24.804
2011-09-23T16:00:00Z;23.868
2011-09-23T17:00:00Z;22.495
2011-09-23T18:00:00Z;20.716
2011-09-23T19:00:00Z;19.872
2011-09-23T20:00:00Z;19.273
2011-09-23T21:00:00Z;18.779
2011-09-23T22:00:00Z;18.374
2011-09-23T23:00:00Z;17.979
2011-09-24T00:00:00Z;17.598
2011-09-24T01:00:00Z;17.233
2011-09-24T02:00:00Z;16.888
2011-09-24T03:00:00Z;16.549
2011-09-24T04:00:00Z;16.231
2011-09-24T05:00:00Z;15.961
2011-09-24T06:00:00Z;16.101
2011-09-24T07:00:00Z;17.564
2011-09-24T08:00:00Z;19.552
2011-09-24T09:00:00Z;21.407
2011-09-24T10:00:00Z;22.707
2011-09-24T11:00:00Z;23.692
2011-09-24T12:00:00Z;24.392
2011-09-24T13:00:00Z;24.788
2011-09-24T14:00:00Z;24.848
2011-09-24T15:00:00Z;24.549
2011-09-24T16:00:00Z;23.863
2011-09-24T17:00:00Z;22.4
2011-09-24T18:00:00Z;19.968
2011-09-24T19:00:00Z;19.001
2011-09-24T20:00:00Z;18.352
2011-09-24T21:00:00Z;17.844
2011-09-24T22:00:00Z;17.482
2011-09-24T23:00:00Z;17.204
2011-09-25T00:00:00Z;16.943
2011-09-25T01:00:00Z;16.638
2011-09-25T02:00:00Z;16.343
2011-09-25T03:00:00Z;16.033
2011-09-25T04:00:00Z;15.699
2011-09-25T05:00:00Z;15.35
2011-09-25T06:00:00Z;15.495
2011-09-25T07:00:00Z;17.619
2011-09-25T08:00:00Z;19.941
2011-09-25T09:00:00Z;22.461
2011-09-25T10:00:00Z;24.129
2011-09-25T11:00:00Z;25.283
2011-09-25T12:00:00Z;26.078
2011-09-25T13:00:00Z;26.505
2011-09-25T14:00:00Z;26.552
2011-09-25T15:00:00Z;26.157
2011-09-25T16:00:00Z;25.281
2011-09-25T17:00:00Z;23.507
2011-09-25T18:00:00Z;21.386
2011-09-25T19:00:00Z;20.498
2011-09-25T20:00:00Z;19.814
2011-09-25T21:00:00Z;19.245
2011-09-25T22:00:00Z;18.868
2011-09-25T23:00:00Z;18.444
2011-09-26T00:00:00Z;17.981
2011-09-26T01:00:00Z;17.556
2011-09-26T02:00:00Z;17.18
2011-09-26T03:00:00Z;16.823
2011-09-26T04:00:00Z;16.448
2011-09-26T05:00:00Z;16.119
2011-09-26T06:00:00Z;16.362
2011-09-26T07:00:00Z;18.496
2011-09-26T08:00:00Z;20.95
2011-09-26T09:00:00Z;23.465
2011-09-26T10:00:00Z;25.272
2011-09-26T11:00:00Z;26.398
2011-09-26T12:00:00Z;27.124
2011-09-26T13:00:00Z;27.46
2011-09-26T14:00:00Z;27.408
2011-09-26T15:00:00Z;27.0
2011-09-26T16:00:00Z;26.12
2011-09-26T17:00:00Z;24.239
2011-09-26T18:00:00Z;22.012
2011-09-26T19:00:00Z;21.086
2011-09-26T20:00:00Z;20.444
2011-09-26T21:00:00Z;19.923
2011-09-26T22:00:00Z;19.372
2011-09-26T23:00:00Z;18.817
2011-09-27T00:00:00Z;18.322
2011-09-27T01:00:00Z;17.858
2011-09-27T02:00:00Z;17.422
2011-09-27T03:00:00Z;17.057
2011-09-27T04:00:00Z;16.73
2011-09-27T05:00:00Z;16.449
2011-09-27T06:00:00Z;16.657
2011-09-27T07:00:00Z;18.963
2011-09-27T08:00:00Z;21.511
2011-09-27T09:00:00Z;23.858
2011-09-27T10:00:00Z;25.459
2011-09-27T11:00:00Z;26.567
2011-09-27T12:00:00Z;27.292
2011-09-27T13:00:00Z;27.628
2011-09-27T14:00:00Z;27.579
2011-09-27T15:00:00Z;27.155
2011-09-27T16:00:00Z;26.302
2011-09-27T17:00:00Z;24.406
2011-09-27T18:00:00Z;22.213
2011-09-27T19:00:00Z;21.357
2011-09-27T20:00:00Z;20.69
2011-09-27T21:00:00Z;20.034
2011-09-27T22:00:00Z;19.417
2011-09-27T23:00:00Z;18.865
2011-09-28T00:00:00Z;18.445
2011-09-28T01:00:00Z;18.072
2011-09-28T02:00:00Z;17.678
2011-09-28T03:00:00Z;17.315
2011-09-28T04:00:00Z;17.048
2011-09-28T05:00:00Z;16.852
2011-09-28T06:00:00Z;17.104
2011-09-28T07:00:00Z;19.004
2011-09-28T08:00:00Z;21.056
2011-09-28T09:00:00Z;22.971
2011-09-28T10:00:00Z;24.291
2011-09-28T11:00:00Z;25.263
2011-09-28T12:00:00Z;25.926
2011-09-28T13:00:00Z;26.235
2011-09-28T14:00:00Z;26.196
2011-09-28T15:00:00Z;25.773
2011-09-28T16:00:00Z;24.929
2011-09-28T17:00:00Z;23.184
2011-09-28T18:00:00Z;21.428
2011-09-28T19:00:00Z;20.658
2011-09-28T20:00:00Z;20.032
2011-09-28T21:00:00Z;19.518
2011-09-28T22:00:00Z;19.087
2011-09-28T23:00:00Z;18.689
2011-09-29T00:00:00Z;18.328
2011-09-29T01:00:00Z;17.977
2011-09-29T02:00:00Z;17.623
2011-09-29T03:00:00Z;17.27
2011-09-29T04:00:00Z;16.946
2011-09-29T05:00:00Z;16.675
2011-09-29T06:00:00Z;16.858
2011-09-29T07:00:00Z;18.932
2011-09-29T08:00:00Z;21.136
2011-09-29T09:00:00Z;23.23
2011-09-29T10:00:00Z;24.714
2011-09-29T11:00:00Z;25.729
2011-09-29T12:00:00Z;26.36
2011-09-29T13:00:00Z;26.622
2011-09-29T14:00:00Z;26.527
2011-09-29T15:00:00Z;26.072
2011-09-29T16:00:00Z;25.229
2011-09-29T17:00:00Z;23.475
2011-09-29T18:00:00Z;21.349
2011-09-29T19:00:00Z;20.51
2011-09-29T20:00:00Z;19.778
2011-09-29T21:00:00Z;19.139
2011-09-29T22:00:00Z;18.621
2011-09-29T23:00:00Z;18.153
2011-09-30T00:00:00Z;17.733
2011-09-30T01:00:00Z;17.339
2011-09-30T02:00:00Z;16.984
2011-09-30T03:00:00Z;16.679
2011-09-30T04:00:00Z;16.395
2011-09-30T05:00:00Z;16.149
2011-09-30T06:00:00Z;16.352
2011-09-30T07:00:00Z;18.356
2011-09-30T08:00:00Z;20.548
2011-09-30T09:00:00Z;22.585
2011-09-30T10:00:00Z;24.111
2011-09-30T11:00:00Z;25.191
2011-09-30T12:00:00Z;25.893
2011-09-30T13:00:00Z;26.22
2011-09-30T14:00:00Z;26.179
2011-09-30T15:00:00Z;25.797
2011-09-30T16:00:00Z;24.966
2011-09-30T17:00:00Z;23.102
2011-09-30T18:00:00Z;20.861
2011-09-30T19:00:00Z;19.984
2011-09-30T20:00:00Z;19.278
2011-09-30T21:00:00Z;18.721
2011-09-30T22:00:00Z;18.291
2011-09-30T23:00:00Z;17.9
2011-10-01T00:00:00Z;17.506
2011-10-01T01:00:00Z;17.137
2011-10-01T02:00:00Z;16.792
2011-10-01T03:00:00Z;16.496
2011-10-01T04:00:00Z;16.239
2011-10-01T05:00:00Z;16.045
2011-10-01T06:00:00Z;16.261
2011-10-01T07:00:00Z;18.183
2011-10-01T08:00:00Z;20.302
2011-10-01T09:00:00Z;22.413
2011-10-01T10:00:00Z;23.931
2011-10-01T11:00:00Z;25.024
2011-10-01T12:00:00Z;25.779
2011-10-01T13:00:00Z;26.148
2011-10-01T14:00:00Z;26.123
2011-10-01T15:00:00Z;25.697
2011-10-01T16:00:00Z;24.82
2011-10-01T17:00:00Z;22.782
2011-10-01T18:00:00Z;20.625
2011-10-01T19:00:00Z;19.753
2011-10-01T20:00:00Z;19.067
2011-10-01T21:00:00Z;18.486
2011-10-01T22:00:00Z;18.024
2011-10-01T23:00:00Z;17.578
2011-10-02T00:00:00Z;17.169
2011-10-02T01:00:00Z;16.839
2011-10-02T02:00:00Z;16.544
2011-10-02T03:00:00Z;16.277
2011-10-02T04:00:00Z;16.089
2011-10-02T05:00:00Z;15.931
2011-10-02T06:00:00Z;16.074
2011-10-02T07:00:00Z;17.859
2011-10-02T08:00:00Z;20.166
2011-10-02T09:00:00Z;22.475
2011-10-02T10:00:00Z;24.093
2011-10-02T11:00:00Z;25.273
2011-10-02T12:00:00Z;26.102
2011-10-02T13:00:00Z;26.557
2011-10-02T14:00:00Z;26.631
2011-10-02T15:00:00Z;26.277
2011-10-02T16:00:00Z;25.395
2011-10-02T17:00:00Z;23.174
2011-10-02T18:00:00Z;21.045
2011-10-02T19:00:00Z;20.142
2011-10-02T20:00:00Z;19.443
2011-10-02T21:00:00Z;18.949
2011-10-02T22:00:00Z;18.598
2011-10-02T23:00:00Z;18.296
2011-10-03T00:00:00Z;17.983
2011-10-03T01:00:00Z;17.687
2011-10-03T02:00:00Z;17.396
2011-10-03T03:00:00Z;17.075
2011-10-03T04:00:00Z;16.704
2011-10-03T05:00:00Z;16.348
2011-10-03T06:00:00Z;16.266
2011-10-03T07:00:00Z;18.439
2011-10-03T08:00:00Z;21.035
2011-10-03T09:00:00Z;23.771
2011-10-03T10:00:00Z;25.632
2011-10-03T11:00:00Z;26.69
2011-10-03T12:00:00Z;27.354
2011-10-03T13:00:00Z;27.639
2011-10-03T14:00:00Z;27.556
2011-10-03T15:00:00Z;27.119
2011-10-03T16:00:00Z;26.188
2011-10-03T17:00:00Z;23.776
2011-10-03T18:00:00Z;21.573
2011-10-03T19:00:00Z;20.606
2011-10-03T20:00:00Z;19.829
2011-10-03T21:00:00Z;19.181
2011-10-03T22:00:00Z;18.637
2011-10-03T23:00:00Z;18.171
2011-10-04T00:00:00Z;17.778
2011-10-04T01:00:00Z;17.415
2011-10-04T02:00:00Z;17.085
2011-10-04T03:00:00Z;16.761
2011-10-04T04:00:00Z;16.413
2011-10-04T05:00:00Z;16.063
2011-10-04T06:00:00Z;15.924
2011-10-04T07:00:00Z;18.123
2011-10-04T08:00:00Z;20.643
2011-10-04T09:00:00Z;23.43
2011-10-04T10:00:00Z;25.339
2011-10-04T11:00:00Z;26.558
2011-10-04T12:00:00Z;27.309
2011-10-04T13:00:00Z;27.632
2011-10-04T14:00:00Z;27.569
2011-10-04T15:00:00Z;27.085
2011-10-04T16:00:00Z;26.059
2011-10-04T17:00:00Z;23.532
2011-10-04T18:00:00Z;21.257
2011-10-04T19:00:00Z;20.252
2011-10-04T20:00:00Z;19.457
2011-10-04T21:00:00Z;18.742
2011-10-04T22:00:00Z;18.064
2011-10-04T23:00:00Z;17.452
2011-10-05T00:00:00Z;16.932
2011-10-05T01:00:00Z;16.516
2011-10-05T02:00:00Z;16.201
2011-10-05T03:00:00Z;15.946
2011-10-05T04:00:00Z;15.727
2011-10-05T05:00:00Z;15.522
2011-10-05T06:00:00Z;15.522
2011-10-05T07:00:00Z;17.684
2011-10-05T08:00:00Z;20.305
2011-10-05T09:00:00Z;23.162
2011-10-05T10:00:00Z;25.285
2011-10-05T11:00:00Z;26.622
2011-10-05T12:00:00Z;27.442
2011-10-05T13:00:00Z;27.832
2011-10-05T14:00:00Z;27.811
2011-10-05T15:00:00Z;27.34
2011-10-05T16:00:00Z;26.309
2011-10-05T17:00:00Z;23.663
2011-10-05T18:00:00Z;21.317
2011-10-05T19:00:00Z;20.272
2011-10-05T20:00:00Z;19.494
2011-10-05T21:00:00Z;18.913
2011-10-05T22:00:00Z;18.388
2011-10-05T23:00:00Z;17.902
2011-10-06T00:00:00Z;17.462
2011-10-06T01:00:00Z;17.064
2011-10-06T02:00:00Z;16.726
2011-10-06T03:00:00Z;16.463
2011-10-06T04:00:00Z;16.218
2011-10-06T05:00:00Z;16.017
2011-10-06T06:00:00Z;16.018
2011-10-06T07:00:00Z;18.197
2011-10-06T08:00:00Z;20.69
2011-10-06T09:00:00Z;23.331
2011-10-06T10:00:00Z;25.221
2011-10-06T11:00:00Z;26.469
2011-10-06T12:00:00Z;27.214
2011-10-06T13:00:00Z;27.523
2011-10-06T14:00:00Z;27.424
2011-10-06T15:00:00Z;26.9
2011-10-06T16:00:00Z;25.824
2011-10-06T17:00:00Z;23.367
2011-10-06T18:00:00Z;21.343
2011-10-06T19:00:00Z;20.475
2011-10-06T20:00:00Z;19.73
2011-10-06T21:00:00Z;19.186
2011-10-06T22:00:00Z;18.74
2011-10-06T23:00:00Z;18.351
2011-10-07T00:00:00Z;17.95
2011-10-07T01:00:00Z;17.512
2011-10-07T02:00:00Z;17.051
2011-10-07T03:00:00Z;16.608
2011-10-07T04:00:00Z;16.197
2011-10-07T05:00:00Z;15.864
2011-10-07T06:00:00Z;15.739
2011-10-07T07:00:00Z;16.987
2011-10-07T08:00:00Z;18.61
2011-10-07T09:00:00Z;20.181
2011-10-07T10:00:00Z;21.495
2011-10-07T11:00:00Z;22.395
2011-10-07T12:00:00Z;22.899
2011-10-07T13:00:00Z;23.091
2011-10-07T14:00:00Z;22.879
2011-10-07T15:00:00Z;22.425
2011-10-07T16:00:00Z;21.576
2011-10-07T17:00:00Z;19.884
2011-10-07T18:00:00Z;18.301
2011-10-07T19:00:00Z;17.472
2011-10-07T20:00:00Z;16.643
2011-10-07T21:00:00Z;15.936
2011-10-07T22:00:00Z;15.332
2011-10-07T23:00:00Z;14.787
2011-10-08T00:00:00Z;14.323
2011-10-08T01:00:00Z;13.904
2011-10-08T02:00:00Z;13.54
2011-10-08T03:00:00Z;13.269
2011-10-08T04:00:00Z;13.065
2011-10-08T05:00:00Z;12.868
2011-10-08T06:00:00Z;12.85
2011-10-08T07:00:00Z;14.332
2011-10-08T08:00:00Z;16.321
2011-10-08T09:00:00Z;18.075
2011-10-08T10:00:00Z;19.523
2011-10-08T11:00:00Z;20.772
2011-10-08T12:00:00Z;21.724
2011-10-08T13:00:00Z;22.318
2011-10-08T14:00:00Z;22.53
2011-10-08T15:00:00Z;22.275
2011-10-08T16:00:00Z;21.419
2011-10-08T17:00:00Z;19.255
2011-10-08T18:00:00Z;17.186
2011-10-08T19:00:00Z;16.31
2011-10-08T20:00:00Z;15.477
2011-10-08T21:00:00Z;14.902
2011-10-08T22:00:00Z;14.5
2011-10-08T23:00:00Z;14.004
2011-10-09T00:00:00Z;13.575
2011-10-09T01:00:00Z;13.223
2011-10-09T02:00:00Z;12.931
2011-10-09T03:00:00Z;12.666
2011-10-09T04:00:00Z;12.449
2011-10-09T05:00:00Z;12.288
2011-10-09T06:00:00Z;12.323
2011-10-09T07:00:00Z;14.151
2011-10-09T08:00:00Z;16.476
2011-10-09T09:00:00Z;18.777
2011-10-09T10:00:00Z;20.615
2011-10-09T11:00:00Z;22.106
2011-10-09T12:00:00Z;23.233
2011-10-09T13:00:00Z;23.919
2011-10-09T14:00:00Z;24.161
2011-10-09T15:00:00Z;23.934
2011-10-09T16:00:00Z;23.095
2011-10-09T17:00:00Z;20.598
2011-10-09T18:00:00Z;18.386
2011-10-09T19:00:00Z;17.547
2011-10-09T20:00:00Z;16.936
2011-10-09T21:00:00Z;16.459
2011-10-09T22:00:00Z;16.044
2011-10-09T23:00:00Z;15.642
2011-10-10T00:00:00Z;15.243
2011-10-10T01:00:00Z;14.862
2011-10-10T02:00:00Z;14.53
2011-10-10T03:00:00Z;14.226
2011-10-10T04:00:00Z;13.972
2011-10-10T05:00:00Z;13.802
2011-10-10T06:00:00Z;13.801
2011-10-10T07:00:00Z;15.891
2011-10-10T08:00:00Z;18.564
2011-10-10T09:00:00Z;21.441
2011-10-10T10:00:00Z;23.744
2011-10-10T11:00:00Z;25.302
2011-10-10T12:00:00Z;26.343
2011-10-10T13:00:00Z;26.919
2011-10-10T14:00:00Z;27.03
2011-10-10T15:00:00Z;26.648
2011-10-10T16:00:00Z;25.572
2011-10-10T17:00:00Z;22.667
2011-10-10T18:00:00Z;20.661
2011-10-10T19:00:00Z;19.961
2011-10-10T20:00:00Z;19.301
2011-10-10T21:00:00Z;18.735
2011-10-10T22:00:00Z;18.3
2011-10-10T23:00:00Z;17.941
2011-10-11T00:00:00Z;17.56
2011-10-11T01:00:00Z;17.216
2011-10-11T02:00:00Z;16.888
2011-10-11T03:00:00Z;16.574
2011-10-11T04:00:00Z;16.229
2011-10-11T05:00:00Z;15.901
2011-10-11T06:00:00Z;15.751
2011-10-11T07:00:00Z;17.717
2011-10-11T08:00:00Z;20.705
2011-10-11T09:00:00Z;23.525
2011-10-11T10:00:00Z;26.038
2011-10-11T11:00:00Z;27.52
2011-10-11T12:00:00Z;28.331
2011-10-11T13:00:00Z;28.694
2011-10-11T14:00:00Z;28.622
2011-10-11T15:00:00Z;28.112
2011-10-11T16:00:00Z;26.851
2011-10-11T17:00:00Z;23.652
2011-10-11T18:00:00Z;21.54
2011-10-11T19:00:00Z;20.705
2011-10-11T20:00:00Z;20.083
2011-10-11T21:00:00Z;19.52
2011-10-11T22:00:00Z;18.973
2011-10-11T23:00:00Z;18.442
2011-10-12T00:00:00Z;17.992
2011-10-12T01:00:00Z;17.573
2011-10-12T02:00:00Z;17.205
2011-10-12T03:00:00Z;16.907
2011-10-12T04:00:00Z;16.631
2011-10-12T05:00:00Z;16.379
2011-10-12T06:00:00Z;16.259
2011-10-12T07:00:00Z;18.066
2011-10-12T08:00:00Z;21.137
2011-10-12T09:00:00Z;23.838
2011-10-12T10:00:00Z;26.284
2011-10-12T11:00:00Z;27.809
2011-10-12T12:00:00Z;28.597
2011-10-12T13:00:00Z;28.894
2011-10-12T14:00:00Z;28.756
2011-10-12T15:00:00Z;28.193
2011-10-12T16:00:00Z;26.84
2011-10-12T17:00:00Z;23.596
2011-10-12T18:00:00Z;21.589
2011-10-12T19:00:00Z;20.651
2011-10-12T20:00:00Z;19.682
2011-10-12T21:00:00Z;18.907
2011-10-12T22:00:00Z;18.421
2011-10-12T23:00:00Z;18.046
2011-10-13T00:00:00Z;17.671
2011-10-13T01:00:00Z;17.278
2011-10-13T02:00:00Z;16.916
2011-10-13T03:00:00Z;16.624
2011-10-13T04:00:00Z;16.373
2011-10-13T05:00:00Z;16.179
2011-10-13T06:00:00Z;16.077
2011-10-13T07:00:00Z;17.709
2011-10-13T08:00:00Z;20.458
2011-10-13T09:00:00Z;23.078
2011-10-13T10:00:00Z;25.414
2011-10-13T11:00:00Z;26.928
2011-10-13T12:00:00Z;27.722
2011-10-13T13:00:00Z;27.971
2011-10-13T14:00:00Z;27.77
2011-10-13T15:00:00Z;27.123
2011-10-13T16:00:00Z;25.805
2011-10-13T17:00:00Z;22.716
2011-10-13T18:00:00Z;20.636
2011-10-13T19:00:00Z;19.655
2011-10-13T20:00:00Z;18.799
2011-10-13T21:00:00Z;18.145
2011-10-13T22:00:00Z;17.642
2011-10-13T23:00:00Z;17.146
2011-10-14T00:00:00Z;16.728
2011-10-14T01:00:00Z;16.329
2011-10-14T02:00:00Z;15.971
2011-10-14T03:00:00Z;15.7
2011-10-14T04:00:00Z;15.467
2011-10-14T05:00:00Z;15.285
2011-10-14T06:00:00Z;15.201
2011-10-14T07:00:00Z;16.833
2011-10-14T08:00:00Z;19.42
2011-10-14T09:00:00Z;21.878
2011-10-14T10:00:00Z;23.947
2011-10-14T11:00:00Z;25.377
2011-10-14T12:00:00Z;26.226
2011-10-14T13:00:00Z;26.554
2011-10-14T14:00:00Z;26.452
2011-10-14T15:00:00Z;25.92
2011-10-14T16:00:00Z;24.736
2011-10-14T17:00:00Z;21.961
2011-10-14T18:00:00Z;20.012
2011-10-14T19:00:00Z;18.98
2011-10-14T20:00:00Z;18.131
2011-10-14T21:00:00Z;17.396
2011-10-14T22:00:00Z;16.797
2011-10-14T23:00:00Z;16.23
2011-10-15T00:00:00Z;15.713
2011-10-15T01:00:00Z;15.269
2011-10-15T02:00:00Z;14.919
2011-10-15T03:00:00Z;14.617
2011-10-15T04:00:00Z;14.465
2011-10-15T05:00:00Z;14.383
2011-10-15T06:00:00Z;14.377
2011-10-15T07:00:00Z;15.952
2011-10-15T08:00:00Z;18.074
2011-10-15T09:00:00Z;20.147
2011-10-15T10:00:00Z;21.969
2011-10-15T11:00:00Z;23.297
2011-10-15T12:00:00Z;24.121
2011-10-15T13:00:00Z;24.497
2011-10-15T14:00:00Z;24.443
2011-10-15T15:00:00Z;23.922
2011-10-15T16:00:00Z;22.873
2011-10-15T17:00:00Z;20.448
2011-10-15T18:00:00Z;18.66
2011-10-15T19:00:00Z;17.804
2011-10-15T20:00:00Z;17.106
2011-10-15T21:00:00Z;16.596
2011-10-15T22:00:00Z;16.225
2011-10-15T23:00:00Z;15.886
2011-10-16T00:00:00Z;15.586
2011-10-16T01:00:00Z;15.31
2011-10-16T02:00:00Z;15.057
2011-10-16T03:00:00Z;14.785
2011-10-16T04:00:00Z;14.49
2011-10-16T05:00:00Z;14.202
2011-10-16T06:00:00Z;13.98
2011-10-16T07:00:00Z;15.186
2011-10-16T08:00:00Z;17.315
2011-10-16T09:00:00Z;19.466
2011-10-16T10:00:00Z;21.461
2011-10-16T11:00:00Z;22.984
2011-10-16T12:00:00Z;23.874
2011-10-16T13:00:00Z;24.261
2011-10-16T14:00:00Z;24.187
2011-10-16T15:00:00Z;23.705
2011-10-16T16:00:00Z;22.594
2011-10-16T17:00:00Z;20.168
2011-10-16T18:00:00Z;18.549
2011-10-16T19:00:00Z;17.809
2011-10-16T20:00:00Z;17.241
2011-10-16T21:00:00Z;16.722
2011-10-16T22:00:00Z;16.172
2011-10-16T23:00:00Z;15.656
2011-10-17T00:00:00Z;15.256
2011-10-17T01:00:00Z;14.968
2011-10-17T02:00:00Z;14.728
2011-10-17T03:00:00Z;14.51
2011-10-17T04:00:00Z;14.291
2011-10-17T05:00:00Z;14.199
2011-10-17T06:00:00Z;14.062
2011-10-17T07:00:00Z;15.047
2011-10-17T08:00:00Z;16.966
2011-10-17T09:00:00Z;18.917
2011-10-17T10:00:00Z;20.751
2011-10-17T11:00:00Z;22.158
2011-10-17T12:00:00Z;23.07
2011-10-17T13:00:00Z;23.471
2011-10-17T14:00:00Z;23.449
2011-10-17T15:00:00Z;22.992
2011-10-17T16:00:00Z;21.953
2011-10-17T17:00:00Z;19.617
2011-10-17T18:00:00Z;18.057
2011-10-17T19:00:00Z;17.309
2011-10-17T20:00:00Z;16.718
2011-10-17T21:00:00Z;16.277
2011-10-17T22:00:00Z;15.969
2011-10-17T23:00:00Z;15.667
2011-10-18T00:00:00Z;15.34
2011-10-18T01:00:00Z;15.029
2011-10-18T02:00:00Z;14.687
2011-10-18T03:00:00Z;14.275
2011-10-18T04:00:00Z;13.829
2011-10-18T05:00:00Z;13.37
2011-10-18T06:00:00Z;12.981
2011-10-18T07:00:00Z;14.241
2011-10-18T08:00:00Z;16.521
2011-10-18T09:00:00Z;18.808
2011-10-18T10:00:00Z;20.825
2011-10-18T11:00:00Z;22.11
2011-10-18T12:00:00Z;22.903
2011-10-18T13:00:00Z;23.279
2011-10-18T14:00:00Z;23.23
2011-10-18T15:00:00Z;22.745
2011-10-18T16:00:00Z;21.661
2011-10-18T17:00:00Z;19.263
2011-10-18T18:00:00Z;17.829
2011-10-18T19:00:00Z;16.994
2011-10-18T20:00:00Z;16.361
2011-10-18T21:00:00Z;15.873
2011-10-18T22:00:00Z;15.505
2011-10-18T23:00:00Z;15.132
2011-10-19T00:00:00Z;14.768
2011-10-19T01:00:00Z;14.435
2011-10-19T02:00:00Z;14.121
2011-10-19T03:00:00Z;13.803
2011-10-19T04:00:00Z;13.48
2011-10-19T05:00:00Z;13.191
2011-10-19T06:00:00Z;13.003
2011-10-19T07:00:00Z;14.298
2011-10-19T08:00:00Z;16.282
2011-10-19T09:00:00Z;18.387
2011-10-19T10:00:00Z;20.254
2011-10-19T11:00:00Z;21.532
2011-10-19T12:00:00Z;22.343
2011-10-19T13:00:00Z;22.682
2011-10-19T14:00:00Z;22.602
2011-10-19T15:00:00Z;22.051
2011-10-19T16:00:00Z;20.919
2011-10-19T17:00:00Z;18.87
2011-10-19T18:00:00Z;17.513
2011-10-19T19:00:00Z;16.718
2011-10-19T20:00:00Z;15.93
2011-10-19T21:00:00Z;15.291
2011-10-19T22:00:00Z;14.733
2011-10-19T23:00:00Z;14.285
2011-10-20T00:00:00Z;13.864
2011-10-20T01:00:00Z;13.461
2011-10-20T02:00:00Z;13.057
2011-10-20T03:00:00Z;12.691
2011-10-20T04:00:00Z;12.342
2011-10-20T05:00:00Z;12.023
2011-10-20T06:00:00Z;11.702
2011-10-20T07:00:00Z;12.436
2011-10-20T08:00:00Z;14.333
2011-10-20T09:00:00Z;16.286
2011-10-20T10:00:00Z;17.905
2011-10-20T11:00:00Z;19.16
2011-10-20T12:00:00Z;19.992
2011-10-20T13:00:00Z;20.419
2011-10-20T14:00:00Z;20.432
2011-10-20T15:00:00Z;20.011
2011-10-20T16:00:00Z;18.996
2011-10-20T17:00:00Z;16.392
2011-10-20T18:00:00Z;14.818
2011-10-20T19:00:00Z;14.107
2011-10-20T20:00:00Z;13.493
2011-10-20T21:00:00Z;12.892
2011-10-20T22:00:00Z;12.356
2011-10-20T23:00:00Z;11.964
2011-10-21T00:00:00Z;11.611
2011-10-21T01:00:00Z;11.292
2011-10-21T02:00:00Z;10.956
2011-10-21T03:00:00Z;10.678
2011-10-21T04:00:00Z;10.5
2011-10-21T05:00:00Z;10.372
2011-10-21T06:00:00Z;10.305
2011-10-21T07:00:00Z;11.552
2011-10-21T08:00:00Z;13.546
2011-10-21T09:00:00Z;15.563
2011-10-21T10:00:00Z;17.279
2011-10-21T11:00:00Z;18.609
2011-10-21T12:00:00Z;19.596
2011-10-21T13:00:00Z;20.172
2011-10-21T14:00:00Z;20.297
2011-10-21T15:00:00Z;19.978
2011-10-21T16:00:00Z;19.034
2011-10-21T17:00:00Z;16.671
2011-10-21T18:00:00Z;15.336
2011-10-21T19:00:00Z;14.673
2011-10-21T20:00:00Z;14.08
2011-10-21T21:00:00Z;13.653
2011-10-21T22:00:00Z;13.286
2011-10-21T23:00:00Z;12.959
2011-10-22T00:00:00Z;12.704
2011-10-22T01:00:00Z;12.477
2011-10-22T02:00:00Z;12.336
2011-10-22T03:00:00Z;12.296
2011-10-22T04:00:00Z;12.297
2011-10-22T05:00:00Z;12.26
2011-10-22T06:00:00Z;12.245
2011-10-22T07:00:00Z;13.071
2011-10-22T08:00:00Z;14.643
2011-10-22T09:00:00Z;16.34
2011-10-22T10:00:00Z;18.038
2011-10-22T11:00:00Z;19.439
2011-10-22T12:00:00Z;20.354
2011-10-22T13:00:00Z;20.754
2011-10-22T14:00:00Z;20.794
2011-10-22T15:00:00Z;20.43
2011-10-22T16:00:00Z;19.476
2011-10-22T17:00:00Z;17.151
2011-10-22T18:00:00Z;15.957
2011-10-22T19:00:00Z;15.431
2011-10-22T20:00:00Z;15.048
2011-10-22T21:00:00Z;14.828
2011-10-22T22:00:00Z;14.63
2011-10-22T23:00:00Z;14.356
2011-10-23T00:00:00Z;14.105
2011-10-23T01:00:00Z;13.886
2011-10-23T02:00:00Z;13.718
2011-10-23T03:00:00Z;13.563
2011-10-23T04:00:00Z;13.404
2011-10-23T05:00:00Z;13.263
2011-10-23T06:00:00Z;13.195
2011-10-23T07:00:00Z;14.088
2011-10-23T08:00:00Z;15.637
2011-10-23T09:00:00Z;17.232
2011-10-23T10:00:00Z;18.467
2011-10-23T11:00:00Z;19.298
2011-10-23T12:00:00Z;19.826
2011-10-23T13:00:00Z;20.048
2011-10-23T14:00:00Z;19.878
2011-10-23T15:00:00Z;19.399
2011-10-23T16:00:00Z;18.575
2011-10-23T17:00:00Z;17.105
2011-10-23T18:00:00Z;16.271
2011-10-23T19:00:00Z;15.83
2011-10-23T20:00:00Z;15.504
2011-10-23T21:00:00Z;15.222
2011-10-23T22:00:00Z;14.966
2011-10-23T23:00:00Z;14.721
2011-10-24T00:00:00Z;14.541
2011-10-24T01:00:00Z;14.424
2011-10-24T02:00:00Z;14.34
2011-10-24T03:00:00Z;14.318
2011-10-24T04:00:00Z;14.322
2011-10-24T05:00:00Z;14.389
2011-10-24T06:00:00Z;14.467
2011-10-24T07:00:00Z;14.967
2011-10-24T08:00:00Z;15.714
2011-10-24T09:00:00Z;16.542
2011-10-24T10:00:00Z;17.316
2011-10-24T11:00:00Z;17.843
2011-10-24T12:00:00Z;18.167
2011-10-24T13:00:00Z;18.387
2011-10-24T14:00:00Z;18.253
2011-10-24T15:00:00Z;17.878
2011-10-24T16:00:00Z;17.155
2011-10-24T17:00:00Z;15.541
2011-10-24T18:00:00Z;14.503
2011-10-24T19:00:00Z;13.846
2011-10-24T20:00:00Z;13.21
2011-10-24T21:00:00Z;12.694
2011-10-24T22:00:00Z;12.319
2011-10-24T23:00:00Z;11.837
2011-10-25T00:00:00Z;11.336
2011-10-25T01:00:00Z;10.875
2011-10-25T02:00:00Z;10.441
2011-10-25T03:00:00Z;10.077
2011-10-25T04:00:00Z;9.8
2011-10-25T05:00:00Z;9.575
2011-10-25T06:00:00Z;9.39
2011-10-25T07:00:00Z;10.347
2011-10-25T08:00:00Z;12.155
2011-10-25T09:00:00Z;14.016
2011-10-25T10:00:00Z;15.339
2011-10-25T11:00:00Z;16.235
2011-10-25T12:00:00Z;16.817
2011-10-25T13:00:00Z;17.115
2011-10-25T14:00:00Z;17.11
2011-10-25T15:00:00Z;16.759
2011-10-25T16:00:00Z;15.9
2011-10-25T17:00:00Z;13.775
2011-10-25T18:00:00Z;12.663
2011-10-25T19:00:00Z;12.135
2011-10-25T20:00:00Z;11.696
2011-10-25T21:00:00Z;11.316
2011-10-25T22:00:00Z;11.048
2011-10-25T23:00:00Z;10.87
2011-10-26T00:00:00Z;10.647
2011-10-26T01:00:00Z;10.32
2011-10-26T02:00:00Z;10.0
2011-10-26T03:00:00Z;9.786
2011-10-26T04:00:00Z;9.678
2011-10-26T05:00:00Z;9.736
2011-10-26T06:00:00Z;9.859
2011-10-26T07:00:00Z;10.97
2011-10-26T08:00:00Z;12.836
2011-10-26T09:00:00Z;14.893
2011-10-26T10:00:00Z;16.223
2011-10-26T11:00:00Z;16.963
2011-10-26T12:00:00Z;17.528
2011-10-26T13:00:00Z;17.757
2011-10-26T14:00:00Z;17.677
2011-10-26T15:00:00Z;17.389
2011-10-26T16:00:00Z;16.656
2011-10-26T17:00:00Z;15.605
2011-10-26T18:00:00Z;15.071
2011-10-26T19:00:00Z;14.695
2011-10-26T20:00:00Z;14.452
2011-10-26T21:00:00Z;14.303
2011-10-26T22:00:00Z;14.292
2011-10-26T23:00:00Z;14.319
2011-10-27T00:00:00Z;14.297
2011-10-27T01:00:00Z;14.104
2011-10-27T02:00:00Z;14.019
2011-10-27T03:00:00Z;13.955
2011-10-27T04:00:00Z;13.879
2011-10-27T05:00:00Z;13.727
2011-10-27T06:00:00Z;13.556
2011-10-27T07:00:00Z;13.978
2011-10-27T08:00:00Z;14.879
2011-10-27T09:00:00Z;15.726
2011-10-27T10:00:00Z;16.514
2011-10-27T11:00:00Z;17.164
2011-10-27T12:00:00Z;17.559
2011-10-27T13:00:00Z;17.706
2011-10-27T14:00:00Z;17.574
2011-10-27T15:00:00Z;17.268
2011-10-27T16:00:00Z;16.523
2011-10-27T17:00:00Z;15.251
2011-10-27T18:00:00Z;14.573
2011-10-27T19:00:00Z;14.197
2011-10-27T20:00:00Z;13.789
2011-10-27T21:00:00Z;13.368
2011-10-27T22:00:00Z;12.972
2011-10-27T23:00:00Z;12.654
2011-10-28T00:00:00Z;12.374
2011-10-28T01:00:00Z;12.149
2011-10-28T02:00:00Z;11.921
2011-10-28T03:00:00Z;11.735
2011-10-28T04:00:00Z;11.531
2011-10-28T05:00:00Z;11.452
2011-10-28T06:00:00Z;11.409
2011-10-28T07:00:00Z;12.003
2011-10-28T08:00:00Z;13.426
2011-10-28T09:00:00Z;15.027
2011-10-28T10:00:00Z;16.441
2011-10-28T11:00:00Z;17.484
2011-10-28T12:00:00Z;18.146
2011-10-28T13:00:00Z;18.399
2011-10-28T14:00:00Z;18.332
2011-10-28T15:00:00Z;17.937
2011-10-28T16:00:00Z;16.984
2011-10-28T17:00:00Z;15.067
2011-10-28T18:00:00Z;14.207
2011-10-28T19:00:00Z;13.77
2011-10-28T20:00:00Z;13.343
2011-10-28T21:00:00Z;12.992
2011-10-28T22:00:00Z;12.659
2011-10-28T23:00:00Z;12.363
2011-10-29T00:00:00Z;12.134
2011-10-29T01:00:00Z;11.937
2011-10-29T02:00:00Z;11.791
2011-10-29T03:00:00Z;11.699
2011-10-29T04:00:00Z;11.672
2011-10-29T05:00:00Z;11.725
2011-10-29T06:00:00Z;11.772
2011-10-29T07:00:00Z;12.362
2011-10-29T08:00:00Z;13.981
2011-10-29T09:00:00Z;15.874
2011-10-29T10:00:00Z;17.665
2011-10-29T11:00:00Z;18.857
2011-10-29T12:00:00Z;19.597
2011-10-29T13:00:00Z;19.981
2011-10-29T14:00:00Z;20.029
2011-10-29T15:00:00Z;19.683
2011-10-29T16:00:00Z;18.67
2011-10-29T17:00:00Z;16.587
2011-10-29T18:00:00Z;15.657
2011-10-29T19:00:00Z;15.081
2011-10-29T20:00:00Z;14.592
2011-10-29T21:00:00Z;14.205
2011-10-29T22:00:00Z;13.891
2011-10-29T23:00:00Z;13.588
2011-10-30T00:00:00Z;13.338
2011-10-30T01:00:00Z;13.129
2011-10-30T02:00:00Z;12.924
2011-10-30T03:00:00Z;12.758
2011-10-30T04:00:00Z;12.612
2011-10-30T05:00:00Z;12.465
2011-10-30T06:00:00Z;12.313
2011-10-30T07:00:00Z;13.023
2011-10-30T08:00:00Z;15.057
2011-10-30T09:00:00Z;17.141
2011-10-30T10:00:00Z;19.139
2011-10-30T11:00:00Z;20.37
2011-10-30T12:00:00Z;21.038
2011-10-30T13:00:00Z;21.317
2011-10-30T14:00:00Z;21.242
2011-10-30T15:00:00Z;20.753
2011-10-30T16:00:00Z;19.461
2011-10-30T17:00:00Z;17.228
2011-10-30T18:00:00Z;16.275
2011-10-30T19:00:00Z;15.703
2011-10-30T20:00:00Z;15.21
2011-10-30T21:00:00Z;14.758
2011-10-30T22:00:00Z;14.306
2011-10-30T23:00:00Z;13.908
2011-10-31T00:00:00Z;13.582
2011-10-31T01:00:00Z;13.302
2011-10-31T02:00:00Z;13.075
2011-10-31T03:00:00Z;12.894
2011-10-31T04:00:00Z;12.691
2011-10-31T05:00:00Z;12.509
2011-10-31T06:00:00Z;12.379
2011-10-31T07:00:00Z;13.075
2011-10-31T08:00:00Z;15.093
2011-10-31T09:00:00Z;17.083
2011-10-31T10:00:00Z;18.891
2011-10-31T11:00:00Z;19.893
2011-10-31T12:00:00Z;20.435
2011-10-31T13:00:00Z;20.647
2011-10-31T14:00:00Z;20.512
2011-10-31T15:00:00Z;19.991
2011-10-31T16:00:00Z;18.776
2011-10-31T17:00:00Z;16.719
2011-10-31T18:00:00Z;15.881
2011-10-31T19:00:00Z;15.381
2011-10-31T20:00:00Z;14.982
2011-10-31T21:00:00Z;14.703
2011-10-31T22:00:00Z;14.482
2011-10-31T23:00:00Z;14.256
2011-11-01T00:00:00Z;14.063
2011-11-01T01:00:00Z;13.899
2011-11-01T02:00:00Z;13.709
2011-11-01T03:00:00Z;13.493
2011-11-01T04:00:00Z;13.29
2011-11-01T05:00:00Z;13.11
2011-11-01T06:00:00Z;13.009
2011-11-01T07:00:00Z;13.614
2011-11-01T08:00:00Z;15.306
2011-11-01T09:00:00Z;16.853
2011-11-01T10:00:00Z;18.107
2011-11-01T11:00:00Z;18.995
2011-11-01T12:00:00Z;19.51
2011-11-01T13:00:00Z;19.783
2011-11-01T14:00:00Z;19.777
2011-11-01T15:00:00Z;19.414
2011-11-01T16:00:00Z;18.379
2011-11-01T17:00:00Z;16.539
2011-11-01T18:00:00Z;15.801
2011-11-01T19:00:00Z;15.377
2011-11-01T20:00:00Z;15.04
2011-11-01T21:00:00Z;14.747
2011-11-01T22:00:00Z;14.527
2011-11-01T23:00:00Z;14.347
2011-11-02T00:00:00Z;14.255
2011-11-02T01:00:00Z;14.136
2011-11-02T02:00:00Z;13.941
2011-11-02T03:00:00Z;13.82
2011-11-02T04:00:00Z;13.769
2011-11-02T05:00:00Z;13.741
2011-11-02T06:00:00Z;13.752
2011-11-02T07:00:00Z;14.295
2011-11-02T08:00:00Z;15.431
2011-11-02T09:00:00Z;16.539
2011-11-02T10:00:00Z;17.534
2011-11-02T11:00:00Z;18.216
2011-11-02T12:00:00Z;18.668
2011-11-02T13:00:00Z;18.951
2011-11-02T14:00:00Z;18.958
2011-11-02T15:00:00Z;18.473
2011-11-02T16:00:00Z;17.619
2011-11-02T17:00:00Z;16.657
2011-11-02T18:00:00Z;16.167
2011-11-02T19:00:00Z;15.881
2011-11-02T20:00:00Z;15.717
2011-11-02T21:00:00Z;15.606
2011-11-02T22:00:00Z;15.491
2011-11-02T23:00:00Z;15.396
2011-11-03T00:00:00Z;15.333
2011-11-03T01:00:00Z;15.252
2011-11-03T02:00:00Z;15.134
2011-11-03T03:00:00Z;14.984
2011-11-03T04:00:00Z;14.788
2011-11-03T05:00:00Z;14.622
2011-11-03T06:00:00Z;14.541
2011-11-03T07:00:00Z;14.687
2011-11-03T08:00:00Z;15.226
2011-11-03T09:00:00Z;15.874
2011-11-03T10:00:00Z;16.571
2011-11-03T11:00:00Z;17.224
2011-11-03T12:00:00Z;17.73
2011-11-03T13:00:00Z;17.827
2011-11-03T14:00:00Z;17.631
2011-11-03T15:00:00Z;17.168
2011-11-03T16:00:00Z;16.275
2011-11-03T17:00:00Z;15.202
2011-11-03T18:00:00Z;14.639
2011-11-03T19:00:00Z;14.234
2011-11-03T20:00:00Z;13.901
2011-11-03T21:00:00Z;13.592
2011-11-03T22:00:00Z;13.324
2011-11-03T23:00:00Z;13.129
2011-11-04T00:00:00Z;12.897
2011-11-04T01:00:00Z;12.619
2011-11-04T02:00:00Z;12.348
2011-11-04T03:00:00Z;12.164
2011-11-04T04:00:00Z;12.18
2011-11-04T05:00:00Z;12.14
2011-11-04T06:00:00Z;12.034
2011-11-04T07:00:00Z;12.147
2011-11-04T08:00:00Z;12.617
2011-11-04T09:00:00Z;13.077
2011-11-04T10:00:00Z;13.568
2011-11-04T11:00:00Z;13.978
2011-11-04T12:00:00Z;14.307
2011-11-04T13:00:00Z;14.418
2011-11-04T14:00:00Z;14.253
2011-11-04T15:00:00Z;13.918
2011-11-04T16:00:00Z;13.246
2011-11-04T17:00:00Z;12.285
2011-11-04T18:00:00Z;11.894
2011-11-04T19:00:00Z;11.586
2011-11-04T20:00:00Z;11.276
2011-11-04T21:00:00Z;11.094
2011-11-04T22:00:00Z;10.995
2011-11-04T23:00:00Z;10.867
2011-11-05T00:00:00Z;10.72
2011-11-05T01:00:00Z;10.548
2011-11-05T02:00:00Z;10.344
2011-11-05T03:00:00Z;10.154
2011-11-05T04:00:00Z;10.016
2011-11-05T05:00:00Z;9.946
2011-11-05T06:00:00Z;9.883
2011-11-05T07:00:00Z;10.141
2011-11-05T08:00:00Z;11.093
2011-11-05T09:00:00Z;12.227
2011-11-05T10:00:00Z;13.317
2011-11-05T11:00:00Z;14.139
2011-11-05T12:00:00Z;14.615
2011-11-05T13:00:00Z;14.713
2011-11-05T14:00:00Z;14.477
2011-11-05T15:00:00Z;14.025
2011-11-05T16:00:00Z;13.32
2011-11-05T17:00:00Z;12.463
2011-11-05T18:00:00Z;11.972
2011-11-05T19:00:00Z;11.622
2011-11-05T20:00:00Z;11.305
2011-11-05T21:00:00Z;10.997
2011-11-05T22:00:00Z;10.737
2011-11-05T23:00:00Z;10.555
2011-11-06T00:00:00Z;10.396
2011-11-06T01:00:00Z;10.267
2011-11-06T02:00:00Z;10.162
2011-11-06T03:00:00Z;10.111
2011-11-06T04:00:00Z;10.082
2011-11-06T05:00:00Z;10.02
2011-11-06T06:00:00Z;9.921
2011-11-06T07:00:00Z;10.047
2011-11-06T08:00:00Z;10.962
2011-11-06T09:00:00Z;12.108
2011-11-06T10:00:00Z;13.357
2011-11-06T11:00:00Z;14.351
2011-11-06T12:00:00Z;14.994
2011-11-06T13:00:00Z;15.29
2011-11-06T14:00:00Z;15.229
2011-11-06T15:00:00Z;14.814
2011-11-06T16:00:00Z;13.949
2011-11-06T17:00:00Z;12.582
2011-11-06T18:00:00Z;12.025
2011-11-06T19:00:00Z;11.712
2011-11-06T20:00:00Z;11.396
2011-11-06T21:00:00Z;11.165
2011-11-06T22:00:00Z;11.009
2011-11-06T23:00:00Z;10.865
2011-11-07T00:00:00Z;10.716
2011-11-07T01:00:00Z;10.593
2011-11-07T02:00:00Z;10.52
2011-11-07T03:00:00Z;10.451
2011-11-07T04:00:00Z;10.385
2011-11-07T05:00:00Z;10.32
2011-11-07T06:00:00Z;10.246
2011-11-07T07:00:00Z;10.557
2011-11-07T08:00:00Z;12.02
2011-11-07T09:00:00Z;13.528
2011-11-07T10:00:00Z;14.875
2011-11-07T11:00:00Z;15.768
2011-11-07T12:00:00Z;16.265
2011-11-07T13:00:00Z;16.445
2011-11-07T14:00:00Z;16.341
2011-11-07T15:00:00Z;15.904
2011-11-07T16:00:00Z;14.863
2011-11-07T17:00:00Z;13.291
2011-11-07T18:00:00Z;12.558
2011-11-07T19:00:00Z;12.02
2011-11-07T20:00:00Z;11.559
2011-11-07T21:00:00Z;11.176
2011-11-07T22:00:00Z;10.825
2011-11-07T23:00:00Z;10.552
2011-11-08T00:00:00Z;10.307
2011-11-08T01:00:00Z;10.072
2011-11-08T02:00:00Z;9.874
2011-11-08T03:00:00Z;9.718
2011-11-08T04:00:00Z;9.507
2011-11-08T05:00:00Z;9.342
2011-11-08T06:00:00Z;9.212
2011-11-08T07:00:00Z;9.552
2011-11-08T08:00:00Z;11.13
2011-11-08T09:00:00Z;13.047
2011-11-08T10:00:00Z;14.954
2011-11-08T11:00:00Z;16.185
2011-11-08T12:00:00Z;16.909
2011-11-08T13:00:00Z;17.238
2011-11-08T14:00:00Z;17.141
2011-11-08T15:00:00Z;16.594
2011-11-08T16:00:00Z;15.107
2011-11-08T17:00:00Z;13.306
2011-11-08T18:00:00Z;12.654
2011-11-08T19:00:00Z;12.015
2011-11-08T20:00:00Z;11.399
2011-11-08T21:00:00Z;10.933
2011-11-08T22:00:00Z;10.603
2011-11-08T23:00:00Z;10.406
2011-11-09T00:00:00Z;10.233
2011-11-09T01:00:00Z;10.068
2011-11-09T02:00:00Z;9.861
2011-11-09T03:00:00Z;9.649
2011-11-09T04:00:00Z;9.497
2011-11-09T05:00:00Z;9.412
2011-11-09T06:00:00Z;9.364
2011-11-09T07:00:00Z;9.78
2011-11-09T08:00:00Z;11.523
2011-11-09T09:00:00Z;13.456
2011-11-09T10:00:00Z;15.377
2011-11-09T11:00:00Z;16.726
2011-11-09T12:00:00Z;17.588
2011-11-09T13:00:00Z;17.982
2011-11-09T14:00:00Z;17.925
2011-11-09T15:00:00Z;17.374
2011-11-09T16:00:00Z;15.842
2011-11-09T17:00:00Z;14.23
2011-11-09T18:00:00Z;13.576
2011-11-09T19:00:00Z;13.227
2011-11-09T20:00:00Z;12.858
2011-11-09T21:00:00Z;12.594
2011-11-09T22:00:00Z;12.422
2011-11-09T23:00:00Z;12.198
2011-11-10T00:00:00Z;12.0
2011-11-10T01:00:00Z;11.805
2011-11-10T02:00:00Z;11.684
2011-11-10T03:00:00Z;11.596
2011-11-10T04:00:00Z;11.497
2011-11-10T05:00:00Z;11.36
2011-11-10T06:00:00Z;11.22
2011-11-10T07:00:00Z;11.527
2011-11-10T08:00:00Z;13.209
2011-11-10T09:00:00Z;14.773
2011-11-10T10:00:00Z;16.372
2011-11-10T11:00:00Z;17.494
2011-11-10T12:00:00Z;18.266
2011-11-10T13:00:00Z;18.686
2011-11-10T14:00:00Z;18.707
2011-11-10T15:00:00Z;18.251
2011-11-10T16:00:00Z;16.7
2011-11-10T17:00:00Z;14.901
2011-11-10T18:00:00Z;14.316
2011-11-10T19:00:00Z;13.926
2011-11-10T20:00:00Z;13.597
2011-11-10T21:00:00Z;13.346
2011-11-10T22:00:00Z;13.095
2011-11-10T23:00:00Z;12.808
2011-11-11T00:00:00Z;12.525
2011-11-11T01:00:00Z;12.275
2011-11-11T02:00:00Z;12.068
2011-11-11T03:00:00Z;11.922
2011-11-11T04:00:00Z;11.817
2011-11-11T05:00:00Z;11.759
2011-11-11T06:00:00Z;11.732
2011-11-11T07:00:00Z;12.114
2011-11-11T08:00:00Z;14.0
2011-11-11T09:00:00Z;15.79
2011-11-11T10:00:00Z;17.579
2011-11-11T11:00:00Z;18.797
2011-11-11T12:00:00Z;19.522
2011-11-11T13:00:00Z;19.831
2011-11-11T14:00:00Z;19.768
2011-11-11T15:00:00Z;19.23
2011-11-11T16:00:00Z;17.425
2011-11-11T17:00:00Z;15.288
2011-11-11T18:00:00Z;14.696
2011-11-11T19:00:00Z;14.385
2011-11-11T20:00:00Z;14.126
2011-11-11T21:00:00Z;13.78
2011-11-11T22:00:00Z;13.418
2011-11-11T23:00:00Z;13.062
2011-11-12T00:00:00Z;12.786
2011-11-12T01:00:00Z;12.503
2011-11-12T02:00:00Z;12.261
2011-11-12T03:00:00Z;12.116
2011-11-12T04:00:00Z;11.951
2011-11-12T05:00:00Z;11.83
2011-11-12T06:00:00Z;11.717
2011-11-12T07:00:00Z;12.126
2011-11-12T08:00:00Z;14.332
2011-11-12T09:00:00Z;16.105
2011-11-12T10:00:00Z;17.892
2011-11-12T11:00:00Z;19.366
2011-11-12T12:00:00Z;20.206
2011-11-12T13:00:00Z;20.489
2011-11-12T14:00:00Z;20.31
2011-11-12T15:00:00Z;19.599
2011-11-12T16:00:00Z;17.836
2011-11-12T17:00:00Z;15.684
2011-11-12T18:00:00Z;14.998
2011-11-12T19:00:00Z;14.514
2011-11-12T20:00:00Z;14.105
2011-11-12T21:00:00Z;13.743
2011-11-12T22:00:00Z;13.409
2011-11-12T23:00:00Z;13.153
2011-11-13T00:00:00Z;13.118
2011-11-13T01:00:00Z;13.15
2011-11-13T02:00:00Z;13.146
2011-11-13T03:00:00Z;13.115
2011-11-13T04:00:00Z;13.116
2011-11-13T05:00:00Z;13.176
2011-11-13T06:00:00Z;13.209
2011-11-13T07:00:00Z;13.544
2011-11-13T08:00:00Z;14.624
2011-11-13T09:00:00Z;15.707
2011-11-13T10:00:00Z;16.772
2011-11-13T11:00:00Z;17.632
2011-11-13T12:00:00Z;18.175
2011-11-13T13:00:00Z;18.44
2011-11-13T14:00:00Z;18.402
2011-11-13T15:00:00Z;17.866
2011-11-13T16:00:00Z;16.691
2011-11-13T17:00:00Z;15.472
2011-11-13T18:00:00Z;14.976
2011-11-13T19:00:00Z;14.597
2011-11-13T20:00:00Z;14.236
2011-11-13T21:00:00Z;13.908
2011-11-13T22:00:00Z;13.645
2011-11-13T23:00:00Z;13.44
2011-11-14T00:00:00Z;13.299
2011-11-14T01:00:00Z;13.26
2011-11-14T02:00:00Z;13.225
2011-11-14T03:00:00Z;13.181
2011-11-14T04:00:00Z;13.188
2011-11-14T05:00:00Z;13.208
2011-11-14T06:00:00Z;13.247
2011-11-14T07:00:00Z;13.422
2011-11-14T08:00:00Z;14.041
2011-11-14T09:00:00Z;14.709
2011-11-14T10:00:00Z;15.315
2011-11-14T11:00:00Z;15.811
2011-11-14T12:00:00Z;16.139
2011-11-14T13:00:00Z;16.336
2011-11-14T14:00:00Z;16.224
2011-11-14T15:00:00Z;15.761
2011-11-14T16:00:00Z;14.922
2011-11-14T17:00:00Z;13.916
2011-11-14T18:00:00Z;13.45
2011-11-14T19:00:00Z;13.097
2011-11-14T20:00:00Z;12.727
2011-11-14T21:00:00Z;12.359
2011-11-14T22:00:00Z;12.035
2011-11-14T23:00:00Z;11.749
2011-11-15T00:00:00Z;11.484
2011-11-15T01:00:00Z;11.369
2011-11-15T02:00:00Z;11.205
2011-11-15T03:00:00Z;11.078
2011-11-15T04:00:00Z;10.972
2011-11-15T05:00:00Z;10.825
2011-11-15T06:00:00Z;10.74
2011-11-15T07:00:00Z;10.896
2011-11-15T08:00:00Z;11.775
2011-11-15T09:00:00Z;12.71
2011-11-15T10:00:00Z;13.716
2011-11-15T11:00:00Z;14.537
2011-11-15T12:00:00Z;15.013
2011-11-15T13:00:00Z;15.149
2011-11-15T14:00:00Z;15.085
2011-11-15T15:00:00Z;14.71
2011-11-15T16:00:00Z;13.72
2011-11-15T17:00:00Z;12.373
2011-11-15T18:00:00Z;11.873
2011-11-15T19:00:00Z;11.454
2011-11-15T20:00:00Z;11.062
2011-11-15T21:00:00Z;10.714
2011-11-15T22:00:00Z;10.497
2011-11-15T23:00:00Z;10.347
2011-11-16T00:00:00Z;10.202
2011-11-16T01:00:00Z;10.066
2011-11-16T02:00:00Z;9.932
2011-11-16T03:00:00Z;9.814
2011-11-16T04:00:00Z;9.716
2011-11-16T05:00:00Z;9.638
2011-11-16T06:00:00Z;9.55
2011-11-16T07:00:00Z;9.665
2011-11-16T08:00:00Z;10.728
2011-11-16T09:00:00Z;12.067
2011-11-16T10:00:00Z;13.559
2011-11-16T11:00:00Z;14.685
2011-11-16T12:00:00Z;15.362
2011-11-16T13:00:00Z;15.694
2011-11-16T14:00:00Z;15.703
2011-11-16T15:00:00Z;15.303
2011-11-16T16:00:00Z;13.993
2011-11-16T17:00:00Z;12.466
2011-11-16T18:00:00Z;11.889
2011-11-16T19:00:00Z;11.45
2011-11-16T20:00:00Z;11.041
2011-11-16T21:00:00Z;10.671
2011-11-16T22:00:00Z;10.323
2011-11-16T23:00:00Z;10.005
2011-11-17T00:00:00Z;9.674
2011-11-17T01:00:00Z;9.361
2011-11-17T02:00:00Z;9.076
2011-11-17T03:00:00Z;8.847
2011-11-17T04:00:00Z;8.653
2011-11-17T05:00:00Z;8.489
2011-11-17T06:00:00Z;8.378
2011-11-17T07:00:00Z;8.625
2011-11-17T08:00:00Z;10.631
2011-11-17T09:00:00Z;12.4
2011-11-17T10:00:00Z;14.134
2011-11-17T11:00:00Z;15.242
2011-11-17T12:00:00Z;15.864
2011-11-17T13:00:00Z;16.117
2011-11-17T14:00:00Z;16.031
2011-11-17T15:00:00Z;15.537
2011-11-17T16:00:00Z;14.078
2011-11-17T17:00:00Z;12.64
2011-11-17T18:00:00Z;12.077
2011-11-17T19:00:00Z;11.583
2011-11-17T20:00:00Z;11.192
2011-11-17T21:00:00Z;10.866
2011-11-17T22:00:00Z;10.622
2011-11-17T23:00:00Z;10.427
2011-11-18T00:00:00Z;10.228
2011-11-18T01:00:00Z;10.051
2011-11-18T02:00:00Z;9.884
2011-11-18T03:00:00Z;9.768
2011-11-18T04:00:00Z;9.717
2011-11-18T05:00:00Z;9.686
2011-11-18T06:00:00Z;9.689
2011-11-18T07:00:00Z;9.904
2011-11-18T08:00:00Z;11.256
2011-11-18T09:00:00Z;12.521
2011-11-18T10:00:00Z;13.766
2011-11-18T11:00:00Z;14.677
2011-11-18T12:00:00Z;15.151
2011-11-18T13:00:00Z;15.269
2011-11-18T14:00:00Z;15.091
2011-11-18T15:00:00Z;14.612
2011-11-18T16:00:00Z;13.485
2011-11-18T17:00:00Z;12.357
2011-11-18T18:00:00Z;12.018
2011-11-18T19:00:00Z;11.773
2011-11-18T20:00:00Z;11.538
2011-11-18T21:00:00Z;11.318
2011-11-18T22:00:00Z;11.141
2011-11-18T23:00:00Z;11.0
2011-11-19T00:00:00Z;10.867
2011-11-19T01:00:00Z;10.739
2011-11-19T02:00:00Z;10.656
2011-11-19T03:00:00Z;10.577
2011-11-19T04:00:00Z;10.521
2011-11-19T05:00:00Z;10.483
2011-11-19T06:00:00Z;10.438
2011-11-19T07:00:00Z;10.62
2011-11-19T08:00:00Z;11.593
2011-11-19T09:00:00Z;12.583
2011-11-19T10:00:00Z;13.639
2011-11-19T11:00:00Z;14.526
2011-11-19T12:00:00Z;15.008
2011-11-19T13:00:00Z;15.154
2011-11-19T14:00:00Z;15.029
2011-11-19T15:00:00Z;14.576
2011-11-19T16:00:00Z;13.428
2011-11-19T17:00:00Z;12.368
2011-11-19T18:00:00Z;12.062
2011-11-19T19:00:00Z;11.877
2011-11-19T20:00:00Z;11.73
2011-11-19T21:00:00Z;11.58
2011-11-19T22:00:00Z;11.462
2011-11-19T23:00:00Z;11.427
2011-11-20T00:00:00Z;11.448
2011-11-20T01:00:00Z;11.453
2011-11-20T02:00:00Z;11.437
2011-11-20T03:00:00Z;11.46
2011-11-20T04:00:00Z;11.471
2011-11-20T05:00:00Z;11.499
2011-11-20T06:00:00Z;11.506
2011-11-20T07:00:00Z;11.654
2011-11-20T08:00:00Z;12.653
2011-11-20T09:00:00Z;13.543
2011-11-20T10:00:00Z;14.333
2011-11-20T11:00:00Z;14.995
2011-11-20T12:00:00Z;15.397
2011-11-20T13:00:00Z;15.443
2011-11-20T14:00:00Z;15.212
2011-11-20T15:00:00Z;14.709
2011-11-20T16:00:00Z;13.713
2011-11-20T17:00:00Z;12.854
2011-11-20T18:00:00Z;12.502
2011-11-20T19:00:00Z;12.169
2011-11-20T20:00:00Z;11.874
2011-11-20T21:00:00Z;11.614
2011-11-20T22:00:00Z;11.407
2011-11-20T23:00:00Z;11.232
2011-11-21T00:00:00Z;11.096
2011-11-21T01:00:00Z;11.01
2011-11-21T02:00:00Z;10.889
2011-11-21T03:00:00Z;10.791
2011-11-21T04:00:00Z;10.651
2011-11-21T05:00:00Z;10.501
2011-11-21T06:00:00Z;10.375
2011-11-21T07:00:00Z;10.416
2011-11-21T08:00:00Z;11.614
2011-11-21T09:00:00Z;12.737
2011-11-21T10:00:00Z;13.896
2011-11-21T11:00:00Z;14.793
2011-11-21T12:00:00Z;15.282
2011-11-21T13:00:00Z;15.421
2011-11-21T14:00:00Z;15.276
2011-11-21T15:00:00Z;14.813
2011-11-21T16:00:00Z;13.745
2011-11-21T17:00:00Z;12.736
2011-11-21T18:00:00Z;12.319
2011-11-21T19:00:00Z;11.978
2011-11-21T20:00:00Z;11.7
2011-11-21T21:00:00Z;11.467
2011-11-21T22:00:00Z;11.259
2011-11-21T23:00:00Z;11.076
2011-11-22T00:00:00Z;10.916
2011-11-22T01:00:00Z;10.752
2011-11-22T02:00:00Z;10.585
2011-11-22T03:00:00Z;10.447
2011-11-22T04:00:00Z;10.318
2011-11-22T05:00:00Z;10.193
2011-11-22T06:00:00Z;10.074
2011-11-22T07:00:00Z;10.047
2011-11-22T08:00:00Z;10.619
2011-11-22T09:00:00Z;11.321
2011-11-22T10:00:00Z;12.092
2011-11-22T11:00:00Z;12.821
2011-11-22T12:00:00Z;13.303
2011-11-22T13:00:00Z;13.477
2011-11-22T14:00:00Z;13.363
2011-11-22T15:00:00Z;12.954
2011-11-22T16:00:00Z;12.176
2011-11-22T17:00:00Z;11.372
2011-11-22T18:00:00Z;11.117
2011-11-22T19:00:00Z;10.929
2011-11-22T20:00:00Z;10.779
2011-11-22T21:00:00Z;10.628
2011-11-22T22:00:00Z;10.485
2011-11-22T23:00:00Z;10.348
2011-11-23T00:00:00Z;10.284
2011-11-23T01:00:00Z;10.242
2011-11-23T02:00:00Z;10.182
2011-11-23T03:00:00Z;10.155
2011-11-23T04:00:00Z;10.091
2011-11-23T05:00:00Z;10.003
2011-11-23T06:00:00Z;9.927
2011-11-23T07:00:00Z;10.021
2011-11-23T08:00:00Z;11.367
2011-11-23T09:00:00Z;12.776
2011-11-23T10:00:00Z;14.349
2011-11-23T11:00:00Z;15.62
2011-11-23T12:00:00Z;16.362
2011-11-23T13:00:00Z;16.709
2011-11-23T14:00:00Z;16.666
2011-11-23T15:00:00Z;16.048
2011-11-23T16:00:00Z;14.114
2011-11-23T17:00:00Z;12.427
2011-11-23T18:00:00Z;11.932
2011-11-23T19:00:00Z;11.46
2011-11-23T20:00:00Z;10.927
2011-11-23T21:00:00Z;10.474
2011-11-23T22:00:00Z;10.116
2011-11-23T23:00:00Z;9.829
2011-11-24T00:00:00Z;9.544
2011-11-24T01:00:00Z;9.301
2011-11-24T02:00:00Z;9.105
2011-11-24T03:00:00Z;8.907
2011-11-24T04:00:00Z;8.729
2011-11-24T05:00:00Z;8.602
2011-11-24T06:00:00Z;8.527
2011-11-24T07:00:00Z;8.703
2011-11-24T08:00:00Z;10.643
2011-11-24T09:00:00Z;12.342
2011-11-24T10:00:00Z;14.029
2011-11-24T11:00:00Z;15.324
2011-11-24T12:00:00Z;16.055
2011-11-24T13:00:00Z;16.371
2011-11-24T14:00:00Z;16.302
2011-11-24T15:00:00Z;15.712
2011-11-24T16:00:00Z;13.863
2011-11-24T17:00:00Z;12.375
2011-11-24T18:00:00Z;11.771
2011-11-24T19:00:00Z;11.26
2011-11-24T20:00:00Z;10.798
2011-11-24T21:00:00Z;10.284
2011-11-24T22:00:00Z;9.816
2011-11-24T23:00:00Z;9.443
2011-11-25T00:00:00Z;9.131
2011-11-25T01:00:00Z;8.883
2011-11-25T02:00:00Z;8.685
2011-11-25T03:00:00Z;8.511
2011-11-25T04:00:00Z;8.321
2011-11-25T05:00:00Z;8.113
2011-11-25T06:00:00Z;7.874
2011-11-25T07:00:00Z;7.862
2011-11-25T08:00:00Z;9.795
2011-11-25T09:00:00Z;11.901
2011-11-25T10:00:00Z;13.883
2011-11-25T11:00:00Z;15.411
2011-11-25T12:00:00Z;16.284
2011-11-25T13:00:00Z;16.647
2011-11-25T14:00:00Z;16.537
2011-11-25T15:00:00Z;15.664
2011-11-25T16:00:00Z;13.417
2011-11-25T17:00:00Z;11.76
2011-11-25T18:00:00Z;11.172
2011-11-25T19:00:00Z;10.594
2011-11-25T20:00:00Z;10.071
2011-11-25T21:00:00Z;9.622
2011-11-25T22:00:00Z;9.181
2011-11-25T23:00:00Z;8.824
2011-11-26T00:00:00Z;8.563
2011-11-26T01:00:00Z;8.323
2011-11-26T02:00:00Z;8.12
2011-11-26T03:00:00Z;7.939
2011-11-26T04:00:00Z;7.823
2011-11-26T05:00:00Z;7.762
2011-11-26T06:00:00Z;7.656
2011-11-26T07:00:00Z;7.653
2011-11-26T08:00:00Z;9.36
2011-11-26T09:00:00Z;11.337
2011-11-26T10:00:00Z;13.288
2011-11-26T11:00:00Z;14.885
2011-11-26T12:00:00Z;15.93
2011-11-26T13:00:00Z;16.419
2011-11-26T14:00:00Z;16.353
2011-11-26T15:00:00Z;15.506
2011-11-26T16:00:00Z;13.082
2011-11-26T17:00:00Z;11.333
2011-11-26T18:00:00Z;10.537
2011-11-26T19:00:00Z;9.916
2011-11-26T20:00:00Z;9.422
2011-11-26T21:00:00Z;9.041
2011-11-26T22:00:00Z;8.797
2011-11-26T23:00:00Z;8.586
2011-11-27T00:00:00Z;8.382
2011-11-27T01:00:00Z;8.148
2011-11-27T02:00:00Z;7.874
2011-11-27T03:00:00Z;7.546
2011-11-27T04:00:00Z;7.266
2011-11-27T05:00:00Z;7.076
2011-11-27T06:00:00Z;6.93
2011-11-27T07:00:00Z;6.975
2011-11-27T08:00:00Z;8.737
2011-11-27T09:00:00Z;10.74
2011-11-27T10:00:00Z;12.482
2011-11-27T11:00:00Z;14.039
2011-11-27T12:00:00Z;15.033
2011-11-27T13:00:00Z;15.379
2011-11-27T14:00:00Z;15.264
2011-11-27T15:00:00Z;14.593
2011-11-27T16:00:00Z;12.685
2011-11-27T17:00:00Z;11.2
2011-11-27T18:00:00Z;10.498
2011-11-27T19:00:00Z;9.837
2011-11-27T20:00:00Z;9.2
2011-11-27T21:00:00Z;8.734
2011-11-27T22:00:00Z;8.39
2011-11-27T23:00:00Z;8.119
2011-11-28T00:00:00Z;7.852
2011-11-28T01:00:00Z;7.617
2011-11-28T02:00:00Z;7.433
2011-11-28T03:00:00Z;7.251
2011-11-28T04:00:00Z;7.061
2011-11-28T05:00:00Z;6.949
2011-11-28T06:00:00Z;6.948
2011-11-28T07:00:00Z;7.06
2011-11-28T08:00:00Z;8.542
2011-11-28T09:00:00Z;10.087
2011-11-28T10:00:00Z;11.655
2011-11-28T11:00:00Z;13.153
2011-11-28T12:00:00Z;14.219
2011-11-28T13:00:00Z;14.767
2011-11-28T14:00:00Z;14.838
2011-11-28T15:00:00Z;14.299
2011-11-28T16:00:00Z;12.427
2011-11-28T17:00:00Z;11.027
2011-11-28T18:00:00Z;10.408
2011-11-28T19:00:00Z;9.932
2011-11-28T20:00:00Z;9.55
2011-11-28T21:00:00Z;9.246
2011-11-28T22:00:00Z;9.025
2011-11-28T23:00:00Z;8.82
2011-11-29T00:00:00Z;8.601
2011-11-29T01:00:00Z;8.417
2011-11-29T02:00:00Z;8.215
2011-11-29T03:00:00Z;7.997
2011-11-29T04:00:00Z;7.768
2011-11-29T05:00:00Z;7.55
2011-11-29T06:00:00Z;7.404
2011-11-29T07:00:00Z;7.441
2011-11-29T08:00:00Z;9.008
2011-11-29T09:00:00Z;10.876
2011-11-29T10:00:00Z;12.797
2011-11-29T11:00:00Z;14.315
2011-11-29T12:00:00Z;15.202
2011-11-29T13:00:00Z;15.608
2011-11-29T14:00:00Z;15.588
2011-11-29T15:00:00Z;14.939
2011-11-29T16:00:00Z;12.911
2011-11-29T17:00:00Z;11.543
2011-11-29T18:00:00Z;10.888
2011-11-29T19:00:00Z;10.354
2011-11-29T20:00:00Z;9.937
2011-11-29T21:00:00Z;9.493
2011-11-29T22:00:00Z;9.113
2011-11-29T23:00:00Z;8.685
2011-11-30T00:00:00Z;8.271
2011-11-30T01:00:00Z;7.914
2011-11-30T02:00:00Z;7.596
2011-11-30T03:00:00Z;7.324
2011-11-30T04:00:00Z;7.122
2011-11-30T05:00:00Z;6.982
2011-11-30T06:00:00Z;6.888
2011-11-30T07:00:00Z;6.983
2011-11-30T08:00:00Z;8.931
2011-11-30T09:00:00Z;10.983
2011-11-30T10:00:00Z;12.924
2011-11-30T11:00:00Z;14.525
2011-11-30T12:00:00Z;15.474
2011-11-30T13:00:00Z;15.873
2011-11-30T14:00:00Z;15.815
2011-11-30T15:00:00Z;15.052
2011-11-30T16:00:00Z;12.905
2011-11-30T17:00:00Z;11.604
2011-11-30T18:00:00Z;11.089
2011-11-30T19:00:00Z;10.636
2011-11-30T20:00:00Z;10.138
2011-11-30T21:00:00Z;9.695
2011-11-30T22:00:00Z;9.317
2011-11-30T23:00:00Z;8.974
2011-12-01T00:00:00Z;8.67
2011-12-01T01:00:00Z;8.392
2011-12-01T02:00:00Z;8.111
2011-12-01T03:00:00Z;7.781
2011-12-01T04:00:00Z;7.495
2011-12-01T05:00:00Z;7.428
2011-12-01T06:00:00Z;7.34
2011-12-01T07:00:00Z;7.355
2011-12-01T08:00:00Z;8.712
2011-12-01T09:00:00Z;10.334
2011-12-01T10:00:00Z;12.177
2011-12-01T11:00:00Z;13.82
2011-12-01T12:00:00Z;14.899
2011-12-01T13:00:00Z;15.458
2011-12-01T14:00:00Z;15.458
2011-12-01T15:00:00Z;14.73
2011-12-01T16:00:00Z;12.568
2011-12-01T17:00:00Z;11.134
2011-12-01T18:00:00Z;10.666
2011-12-01T19:00:00Z;10.375
2011-12-01T20:00:00Z;10.217
2011-12-01T21:00:00Z;10.091
2011-12-01T22:00:00Z;9.942
2011-12-01T23:00:00Z;9.789
2011-12-02T00:00:00Z;9.568
2011-12-02T01:00:00Z;9.324
2011-12-02T02:00:00Z;9.123
2011-12-02T03:00:00Z;9.035
2011-12-02T04:00:00Z;8.98
2011-12-02T05:00:00Z;8.862
2011-12-02T06:00:00Z;8.694
2011-12-02T07:00:00Z;8.572
2011-12-02T08:00:00Z;9.34
2011-12-02T09:00:00Z;10.277
2011-12-02T10:00:00Z;11.329
2011-12-02T11:00:00Z;12.108
2011-12-02T12:00:00Z;12.475
2011-12-02T13:00:00Z;12.54
2011-12-02T14:00:00Z;12.31
2011-12-02T15:00:00Z;11.72
2011-12-02T16:00:00Z;10.529
2011-12-02T17:00:00Z;9.322
2011-12-02T18:00:00Z;8.761
2011-12-02T19:00:00Z;8.374
2011-12-02T20:00:00Z;8.031
2011-12-02T21:00:00Z;7.728
2011-12-02T22:00:00Z;7.47
2011-12-02T23:00:00Z;7.269
2011-12-03T00:00:00Z;7.064
2011-12-03T01:00:00Z;6.853
2011-12-03T02:00:00Z;6.707
2011-12-03T03:00:00Z;6.629
2011-12-03T04:00:00Z;6.625
2011-12-03T05:00:00Z;6.687
2011-12-03T06:00:00Z;6.752
2011-12-03T07:00:00Z;6.849
2011-12-03T08:00:00Z;7.96
2011-12-03T09:00:00Z;9.322
2011-12-03T10:00:00Z;10.739
2011-12-03T11:00:00Z;12.077
2011-12-03T12:00:00Z;13.004
2011-12-03T13:00:00Z;13.375
2011-12-03T14:00:00Z;13.321
2011-12-03T15:00:00Z;12.717
2011-12-03T16:00:00Z;11.3
2011-12-03T17:00:00Z;10.233
2011-12-03T18:00:00Z;9.761
2011-12-03T19:00:00Z;9.296
2011-12-03T20:00:00Z;8.888
2011-12-03T21:00:00Z;8.659
2011-12-03T22:00:00Z;8.504
2011-12-03T23:00:00Z;8.379
2011-12-04T00:00:00Z;8.159
2011-12-04T01:00:00Z;7.905
2011-12-04T02:00:00Z;7.693
2011-12-04T03:00:00Z;7.56
2011-12-04T04:00:00Z;7.364
2011-12-04T05:00:00Z;7.099
2011-12-04T06:00:00Z;6.837
2011-12-04T07:00:00Z;6.734
2011-12-04T08:00:00Z;7.99
2011-12-04T09:00:00Z;9.538
2011-12-04T10:00:00Z;11.369
2011-12-04T11:00:00Z;12.732
2011-12-04T12:00:00Z;13.576
2011-12-04T13:00:00Z;13.981
2011-12-04T14:00:00Z;13.938
2011-12-04T15:00:00Z;13.34
2011-12-04T16:00:00Z;11.388
2011-12-04T17:00:00Z;10.053
2011-12-04T18:00:00Z;9.567
2011-12-04T19:00:00Z;9.173
2011-12-04T20:00:00Z;8.828
2011-12-04T21:00:00Z;8.548
2011-12-04T22:00:00Z;8.227
2011-12-04T23:00:00Z;7.928
2011-12-05T00:00:00Z;7.703
2011-12-05T01:00:00Z;7.557
2011-12-05T02:00:00Z;7.456
2011-12-05T03:00:00Z;7.334
2011-12-05T04:00:00Z;7.216
2011-12-05T05:00:00Z;7.141
2011-12-05T06:00:00Z;7.127
2011-12-05T07:00:00Z;7.233
2011-12-05T08:00:00Z;8.374
2011-12-05T09:00:00Z;9.839
2011-12-05T10:00:00Z;11.599
2011-12-05T11:00:00Z;13.285
2011-12-05T12:00:00Z;14.53
2011-12-05T13:00:00Z;15.184
2011-12-05T14:00:00Z;15.304
2011-12-05T15:00:00Z;14.659
2011-12-05T16:00:00Z;12.703
2011-12-05T17:00:00Z;11.276
2011-12-05T18:00:00Z;10.699
2011-12-05T19:00:00Z;10.181
2011-12-05T20:00:00Z;9.726
2011-12-05T21:00:00Z;9.386
2011-12-05T22:00:00Z;9.084
2011-12-05T23:00:00Z;8.802
2011-12-06T00:00:00Z;8.535
2011-12-06T01:00:00Z;8.364
2011-12-06T02:00:00Z;8.272
2011-12-06T03:00:00Z;8.125
2011-12-06T04:00:00Z;7.967
2011-12-06T05:00:00Z;7.795
2011-12-06T06:00:00Z;7.63
2011-12-06T07:00:00Z;7.644
2011-12-06T08:00:00Z;8.84
2011-12-06T09:00:00Z;10.22
2011-12-06T10:00:00Z;11.901
2011-12-06T11:00:00Z;13.414
2011-12-06T12:00:00Z;14.608
2011-12-06T13:00:00Z;15.234
2011-12-06T14:00:00Z;15.346
2011-12-06T15:00:00Z;14.662
2011-12-06T16:00:00Z;12.486
2011-12-06T17:00:00Z;10.828
2011-12-06T18:00:00Z;10.077
2011-12-06T19:00:00Z;9.474
2011-12-06T20:00:00Z;8.967
2011-12-06T21:00:00Z;8.457
2011-12-06T22:00:00Z;8.008
2011-12-06T23:00:00Z;7.666
2011-12-07T00:00:00Z;7.418
2011-12-07T01:00:00Z;7.226
2011-12-07T02:00:00Z;7.065
2011-12-07T03:00:00Z;6.874
2011-12-07T04:00:00Z;6.664
2011-12-07T05:00:00Z;6.494
2011-12-07T06:00:00Z;6.393
2011-12-07T07:00:00Z;6.456
2011-12-07T08:00:00Z;8.188
2011-12-07T09:00:00Z;10.175
2011-12-07T10:00:00Z;12.156
2011-12-07T11:00:00Z;13.904
2011-12-07T12:00:00Z;14.951
2011-12-07T13:00:00Z;15.506
2011-12-07T14:00:00Z;15.552
2011-12-07T15:00:00Z;14.724
2011-12-07T16:00:00Z;12.502
2011-12-07T17:00:00Z;11.169
2011-12-07T18:00:00Z;10.502
2011-12-07T19:00:00Z;9.999
2011-12-07T20:00:00Z;9.492
2011-12-07T21:00:00Z;8.945
2011-12-07T22:00:00Z;8.46
2011-12-07T23:00:00Z;8.077
2011-12-08T00:00:00Z;7.778
2011-12-08T01:00:00Z;7.547
2011-12-08T02:00:00Z;7.371
2011-12-08T03:00:00Z;7.224
2011-12-08T04:00:00Z;7.115
2011-12-08T05:00:00Z;7.054
2011-12-08T06:00:00Z;7.022
2011-12-08T07:00:00Z;7.089
2011-12-08T08:00:00Z;8.68
2011-12-08T09:00:00Z;10.715
2011-12-08T10:00:00Z;12.418
2011-12-08T11:00:00Z;13.986
2011-12-08T12:00:00Z;14.981
2011-12-08T13:00:00Z;15.448
2011-12-08T14:00:00Z;15.339
2011-12-08T15:00:00Z;14.317
2011-12-08T16:00:00Z;12.234
2011-12-08T17:00:00Z;11.133
2011-12-08T18:00:00Z;10.645
2011-12-08T19:00:00Z;10.228
2011-12-08T20:00:00Z;9.866
2011-12-08T21:00:00Z;9.503
2011-12-08T22:00:00Z;9.124
2011-12-08T23:00:00Z;8.707
2011-12-09T00:00:00Z;8.299
2011-12-09T01:00:00Z;7.936
2011-12-09T02:00:00Z;7.636
2011-12-09T03:00:00Z;7.503
2011-12-09T04:00:00Z;7.442
2011-12-09T05:00:00Z;7.416
2011-12-09T06:00:00Z;7.404
2011-12-09T07:00:00Z;7.464
2011-12-09T08:00:00Z;8.372
2011-12-09T09:00:00Z;9.707
2011-12-09T10:00:00Z;10.716
2011-12-09T11:00:00Z;11.84
2011-12-09T12:00:00Z;12.604
2011-12-09T13:00:00Z;13.037
2011-12-09T14:00:00Z;13.057
2011-12-09T15:00:00Z;12.318
2011-12-09T16:00:00Z;10.798
2011-12-09T17:00:00Z;9.829
2011-12-09T18:00:00Z;9.365
2011-12-09T19:00:00Z;8.976
2011-12-09T20:00:00Z;8.631
2011-12-09T21:00:00Z;8.34
2011-12-09T22:00:00Z;8.099
2011-12-09T23:00:00Z;7.898
2011-12-10T00:00:00Z;7.65
2011-12-10T01:00:00Z;7.416
2011-12-10T02:00:00Z;7.204
2011-12-10T03:00:00Z;7.063
2011-12-10T04:00:00Z;6.917
2011-12-10T05:00:00Z;6.758
2011-12-10T06:00:00Z;6.687
2011-12-10T07:00:00Z;6.686
2011-12-10T08:00:00Z;7.537
2011-12-10T09:00:00Z;8.78
2011-12-10T10:00:00Z;10.067
2011-12-10T11:00:00Z;11.185
2011-12-10T12:00:00Z;12.018
2011-12-10T13:00:00Z;12.477
2011-12-10T14:00:00Z;12.522
2011-12-10T15:00:00Z;11.81
2011-12-10T16:00:00Z;10.347
2011-12-10T17:00:00Z;9.494
2011-12-10T18:00:00Z;9.116
2011-12-10T19:00:00Z;8.697
2011-12-10T20:00:00Z;8.265
2011-12-10T21:00:00Z;7.937
2011-12-10T22:00:00Z;7.72
2011-12-10T23:00:00Z;7.524
2011-12-11T00:00:00Z;7.325
2011-12-11T01:00:00Z;7.164
2011-12-11T02:00:00Z;7.017
2011-12-11T03:00:00Z;6.9
2011-12-11T04:00:00Z;6.835
2011-12-11T05:00:00Z;6.771
2011-12-11T06:00:00Z;6.7
2011-12-11T07:00:00Z;6.699
2011-12-11T08:00:00Z;7.735
2011-12-11T09:00:00Z;9.036
2011-12-11T10:00:00Z;10.387
2011-12-11T11:00:00Z;11.538
2011-12-11T12:00:00Z;12.362
2011-12-11T13:00:00Z;12.786
2011-12-11T14:00:00Z;12.786
2011-12-11T15:00:00Z;12.108
2011-12-11T16:00:00Z;10.346
2011-12-11T17:00:00Z;9.193
2011-12-11T18:00:00Z;8.702
2011-12-11T19:00:00Z;8.206
2011-12-11T20:00:00Z;7.85
2011-12-11T21:00:00Z;7.614
2011-12-11T22:00:00Z;7.411
2011-12-11T23:00:00Z;7.233
2011-12-12T00:00:00Z;7.068
2011-12-12T01:00:00Z;6.984
2011-12-12T02:00:00Z;6.905
2011-12-12T03:00:00Z;6.83
2011-12-12T04:00:00Z;6.748
2011-12-12T05:00:00Z;6.718
2011-12-12T06:00:00Z;6.752
2011-12-12T07:00:00Z;6.926
2011-12-12T08:00:00Z;7.909
2011-12-12T09:00:00Z;9.102
2011-12-12T10:00:00Z;10.464
2011-12-12T11:00:00Z;11.728
2011-12-12T12:00:00Z;12.592
2011-12-12T13:00:00Z;13.092
2011-12-12T14:00:00Z;13.183
2011-12-12T15:00:00Z;12.59
2011-12-12T16:00:00Z;10.663
2011-12-12T17:00:00Z;9.296
2011-12-12T18:00:00Z;8.778
2011-12-12T19:00:00Z;8.434
2011-12-12T20:00:00Z;8.191
2011-12-12T21:00:00Z;7.98
2011-12-12T22:00:00Z;7.781
2011-12-12T23:00:00Z;7.594
2011-12-13T00:00:00Z;7.461
2011-12-13T01:00:00Z;7.328
2011-12-13T02:00:00Z;7.279
2011-12-13T03:00:00Z;7.299
2011-12-13T04:00:00Z;7.307
2011-12-13T05:00:00Z;7.333
2011-12-13T06:00:00Z;7.382
2011-12-13T07:00:00Z;7.515
2011-12-13T08:00:00Z;8.547
2011-12-13T09:00:00Z;9.797
2011-12-13T10:00:00Z;11.189
2011-12-13T11:00:00Z;12.41
2011-12-13T12:00:00Z;13.237
2011-12-13T13:00:00Z;13.619
2011-12-13T14:00:00Z;13.543
2011-12-13T15:00:00Z;12.874
2011-12-13T16:00:00Z;11.533
2011-12-13T17:00:00Z;10.617
2011-12-13T18:00:00Z;10.233
2011-12-13T19:00:00Z;9.947
2011-12-13T20:00:00Z;9.725
2011-12-13T21:00:00Z;9.531
2011-12-13T22:00:00Z;9.407
2011-12-13T23:00:00Z;9.388
2011-12-14T00:00:00Z;9.403
2011-12-14T01:00:00Z;9.41
2011-12-14T02:00:00Z;9.378
2011-12-14T03:00:00Z;9.361
2011-12-14T04:00:00Z;9.348
2011-12-14T05:00:00Z;9.309
2011-12-14T06:00:00Z;9.24
2011-12-14T07:00:00Z;9.164
2011-12-14T08:00:00Z;10.096
2011-12-14T09:00:00Z;11.378
2011-12-14T10:00:00Z;12.649
2011-12-14T11:00:00Z;13.66
2011-12-14T12:00:00Z;14.2
2011-12-14T13:00:00Z;14.308
2011-12-14T14:00:00Z;14.097
2011-12-14T15:00:00Z;13.385
2011-12-14T16:00:00Z;11.554
2011-12-14T17:00:00Z;10.371
2011-12-14T18:00:00Z;9.925
2011-12-14T19:00:00Z;9.519
2011-12-14T20:00:00Z;9.087
2011-12-14T21:00:00Z;8.644
2011-12-14T22:00:00Z;8.207
2011-12-14T23:00:00Z;7.778
2011-12-15T00:00:00Z;7.39
2011-12-15T01:00:00Z;7.109
2011-12-15T02:00:00Z;6.898
2011-12-15T03:00:00Z;6.757
2011-12-15T04:00:00Z;6.643
2011-12-15T05:00:00Z;6.518
2011-12-15T06:00:00Z;6.425
2011-12-15T07:00:00Z;6.46
2011-12-15T08:00:00Z;7.527
2011-12-15T09:00:00Z;9.049
2011-12-15T10:00:00Z;10.834
2011-12-15T11:00:00Z;12.392
2011-12-15T12:00:00Z;13.333
2011-12-15T13:00:00Z;13.813
2011-12-15T14:00:00Z;13.846
2011-12-15T15:00:00Z;13.052
2011-12-15T16:00:00Z;10.763
2011-12-15T17:00:00Z;9.374
2011-12-15T18:00:00Z;8.842
2011-12-15T19:00:00Z;8.358
2011-12-15T20:00:00Z;7.917
2011-12-15T21:00:00Z;7.576
2011-12-15T22:00:00Z;7.493
2011-12-15T23:00:00Z;7.465
2011-12-16T00:00:00Z;7.426
2011-12-16T01:00:00Z;7.382
2011-12-16T02:00:00Z;7.379
2011-12-16T03:00:00Z;7.467
2011-12-16T04:00:00Z;7.508
2011-12-16T05:00:00Z;7.568
2011-12-16T06:00:00Z;7.663
2011-12-16T07:00:00Z;7.918
2011-12-16T08:00:00Z;8.936
2011-12-16T09:00:00Z;10.134
2011-12-16T10:00:00Z;11.333
2011-12-16T11:00:00Z;12.267
2011-12-16T12:00:00Z;12.837
2011-12-16T13:00:00Z;13.139
2011-12-16T14:00:00Z;13.213
2011-12-16T15:00:00Z;12.96
2011-12-16T16:00:00Z;12.248
2011-12-16T17:00:00Z;11.488
2011-12-16T18:00:00Z;10.988
2011-12-16T19:00:00Z;10.409
2011-12-16T20:00:00Z;9.775
2011-12-16T21:00:00Z;9.177
2011-12-16T22:00:00Z;8.614
2011-12-16T23:00:00Z;8.116
2011-12-17T00:00:00Z;7.651
2011-12-17T01:00:00Z;7.224
2011-12-17T02:00:00Z;6.82
2011-12-17T03:00:00Z;6.426
2011-12-17T04:00:00Z;6.046
2011-12-17T05:00:00Z;5.729
2011-12-17T06:00:00Z;5.456
2011-12-17T07:00:00Z;5.347
2011-12-17T08:00:00Z;6.314
2011-12-17T09:00:00Z;7.709
2011-12-17T10:00:00Z;9.176
2011-12-17T11:00:00Z;10.301
2011-12-17T12:00:00Z;10.97
2011-12-17T13:00:00Z;11.244
2011-12-17T14:00:00Z;11.127
2011-12-17T15:00:00Z;10.404
2011-12-17T16:00:00Z;8.5
2011-12-17T17:00:00Z;6.966
2011-12-17T18:00:00Z;6.376
2011-12-17T19:00:00Z;5.922
2011-12-17T20:00:00Z;5.54
2011-12-17T21:00:00Z;5.267
2011-12-17T22:00:00Z;5.065
2011-12-17T23:00:00Z;4.857
2011-12-18T00:00:00Z;4.652
2011-12-18T01:00:00Z;4.446
2011-12-18T02:00:00Z;4.241
2011-12-18T03:00:00Z;4.027
2011-12-18T04:00:00Z;3.866
2011-12-18T05:00:00Z;3.741
2011-12-18T06:00:00Z;3.609
2011-12-18T07:00:00Z;3.532
2011-12-18T08:00:00Z;4.92
2011-12-18T09:00:00Z;6.673
2011-12-18T10:00:00Z;8.527
2011-12-18T11:00:00Z;9.832
2011-12-18T12:00:00Z;10.491
2011-12-18T13:00:00Z;10.71
2011-12-18T14:00:00Z;10.558
2011-12-18T15:00:00Z;9.794
2011-12-18T16:00:00Z;7.507
2011-12-18T17:00:00Z;5.934
2011-12-18T18:00:00Z;5.36
2011-12-18T19:00:00Z;4.895
2011-12-18T20:00:00Z;4.526
2011-12-18T21:00:00Z;4.164
2011-12-18T22:00:00Z;3.867
2011-12-18T23:00:00Z;3.668
2011-12-19T00:00:00Z;3.479
2011-12-19T01:00:00Z;3.237
2011-12-19T02:00:00Z;3.038
2011-12-19T03:00:00Z;2.879
2011-12-19T04:00:00Z;2.775
2011-12-19T05:00:00Z;2.739
2011-12-19T06:00:00Z;2.755
2011-12-19T07:00:00Z;2.913
2011-12-19T08:00:00Z;4.626
2011-12-19T09:00:00Z;6.481
2011-12-19T10:00:00Z;8.099
2011-12-19T11:00:00Z;9.35
2011-12-19T12:00:00Z;10.037
2011-12-19T13:00:00Z;10.405
2011-12-19T14:00:00Z;10.483
2011-12-19T15:00:00Z;9.827
2011-12-19T16:00:00Z;7.777
2011-12-19T17:00:00Z;6.538
2011-12-19T18:00:00Z;6.081
2011-12-19T19:00:00Z;5.718
2011-12-19T20:00:00Z;5.357
2011-12-19T21:00:00Z;4.966
2011-12-19T22:00:00Z;4.603
2011-12-19T23:00:00Z;4.269
2011-12-20T00:00:00Z;4.072
2011-12-20T01:00:00Z;3.938
2011-12-20T02:00:00Z;3.864
2011-12-20T03:00:00Z;3.866
2011-12-20T04:00:00Z;3.922
2011-12-20T05:00:00Z;4.023
2011-12-20T06:00:00Z;4.13
2011-12-20T07:00:00Z;4.334
2011-12-20T08:00:00Z;5.589
2011-12-20T09:00:00Z;7.212
2011-12-20T10:00:00Z;8.829
2011-12-20T11:00:00Z;10.525
2011-12-20T12:00:00Z;11.66
2011-12-20T13:00:00Z;12.452
2011-12-20T14:00:00Z;12.741
2011-12-20T15:00:00Z;12.157
2011-12-20T16:00:00Z;10.321
2011-12-20T17:00:00Z;9.103
2011-12-20T18:00:00Z;8.589
2011-12-20T19:00:00Z;8.217
2011-12-20T20:00:00Z;8.03
2011-12-20T21:00:00Z;7.882
2011-12-20T22:00:00Z;7.741
2011-12-20T23:00:00Z;7.622
2011-12-21T00:00:00Z;7.557
2011-12-21T01:00:00Z;7.504
2011-12-21T02:00:00Z;7.48
2011-12-21T03:00:00Z;7.417
2011-12-21T04:00:00Z;7.361
2011-12-21T05:00:00Z;7.318
2011-12-21T06:00:00Z;7.25
2011-12-21T07:00:00Z;7.304
2011-12-21T08:00:00Z;8.552
2011-12-21T09:00:00Z;10.364
2011-12-21T10:00:00Z;12.329
2011-12-21T11:00:00Z;14.156
2011-12-21T12:00:00Z;15.382
2011-12-21T13:00:00Z;16.069
2011-12-21T14:00:00Z;16.177
2011-12-21T15:00:00Z;15.233
2011-12-21T16:00:00Z;12.973
2011-12-21T17:00:00Z;11.466
2011-12-21T18:00:00Z;10.757
2011-12-21T19:00:00Z;10.116
2011-12-21T20:00:00Z;9.578
2011-12-21T21:00:00Z;9.239
2011-12-21T22:00:00Z;8.998
2011-12-21T23:00:00Z;8.814
2011-12-22T00:00:00Z;8.656
2011-12-22T01:00:00Z;8.449
2011-12-22T02:00:00Z;8.245
2011-12-22T03:00:00Z;8.009
2011-12-22T04:00:00Z;7.838
2011-12-22T05:00:00Z;7.632
2011-12-22T06:00:00Z;7.475
2011-12-22T07:00:00Z;7.441
2011-12-22T08:00:00Z;8.638
2011-12-22T09:00:00Z;10.52
2011-12-22T10:00:00Z;12.431
2011-12-22T11:00:00Z;14.251
2011-12-22T12:00:00Z;15.533
2011-12-22T13:00:00Z;16.229
2011-12-22T14:00:00Z;16.239
2011-12-22T15:00:00Z;15.073
2011-12-22T16:00:00Z;12.582
2011-12-22T17:00:00Z;10.983
2011-12-22T18:00:00Z;10.127
2011-12-22T19:00:00Z;9.411
2011-12-22T20:00:00Z;8.79
2011-12-22T21:00:00Z;8.196
2011-12-22T22:00:00Z;7.663
2011-12-22T23:00:00Z;7.186
2011-12-23T00:00:00Z;6.804
2011-12-23T01:00:00Z;6.578
2011-12-23T02:00:00Z;6.499
2011-12-23T03:00:00Z;6.507
2011-12-23T04:00:00Z;6.502
2011-12-23T05:00:00Z;6.464
2011-12-23T06:00:00Z;6.422
2011-12-23T07:00:00Z;6.383
2011-12-23T08:00:00Z;7.822
2011-12-23T09:00:00Z;10.238
2011-12-23T10:00:00Z;12.045
2011-12-23T11:00:00Z;13.654
2011-12-23T12:00:00Z;14.809
2011-12-23T13:00:00Z;15.333
2011-12-23T14:00:00Z;15.155
2011-12-23T15:00:00Z;13.921
2011-12-23T16:00:00Z;11.582
2011-12-23T17:00:00Z;10.06
2011-12-23T18:00:00Z;9.331
2011-12-23T19:00:00Z;8.741
2011-12-23T20:00:00Z;8.256
2011-12-23T21:00:00Z;7.873
2011-12-23T22:00:00Z;7.609
2011-12-23T23:00:00Z;7.398
2011-12-24T00:00:00Z;7.171
2011-12-24T01:00:00Z;6.916
2011-12-24T02:00:00Z;6.67
2011-12-24T03:00:00Z;6.485
2011-12-24T04:00:00Z;6.141
2011-12-24T05:00:00Z;5.753
2011-12-24T06:00:00Z;5.365
2011-12-24T07:00:00Z;5.044
2011-12-24T08:00:00Z;6.548
2011-12-24T09:00:00Z;8.606
2011-12-24T10:00:00Z;10.345
2011-12-24T11:00:00Z;11.728
2011-12-24T12:00:00Z;12.715
2011-12-24T13:00:00Z;13.263
2011-12-24T14:00:00Z;13.275
2011-12-24T15:00:00Z;12.324
2011-12-24T16:00:00Z;9.644
2011-12-24T17:00:00Z;8.056
2011-12-24T18:00:00Z;7.453
2011-12-24T19:00:00Z;6.842
2011-12-24T20:00:00Z;6.182
2011-12-24T21:00:00Z;5.646
2011-12-24T22:00:00Z;5.176
2011-12-24T23:00:00Z;4.717
2011-12-25T00:00:00Z;4.258
2011-12-25T01:00:00Z;3.9
2011-12-25T02:00:00Z;3.621
2011-12-25T03:00:00Z;3.439
2011-12-25T04:00:00Z;3.362
2011-12-25T05:00:00Z;3.31
2011-12-25T06:00:00Z;3.247
2011-12-25T07:00:00Z;3.329
2011-12-25T08:00:00Z;5.167
2011-12-25T09:00:00Z;7.497
2011-12-25T10:00:00Z;9.47
2011-12-25T11:00:00Z;11.117
2011-12-25T12:00:00Z;12.184
2011-12-25T13:00:00Z;12.699
2011-12-25T14:00:00Z;12.64
2011-12-25T15:00:00Z;11.593
2011-12-25T16:00:00Z;9.468
2011-12-25T17:00:00Z;8.177
2011-12-25T18:00:00Z;7.518
2011-12-25T19:00:00Z;7.021
2011-12-25T20:00:00Z;6.496
2011-12-25T21:00:00Z;6.059
2011-12-25T22:00:00Z;5.698
2011-12-25T23:00:00Z;5.418
2011-12-26T00:00:00Z;5.195
2011-12-26T01:00:00Z;5.003
2011-12-26T02:00:00Z;4.865
2011-12-26T03:00:00Z;4.729
2011-12-26T04:00:00Z;4.606
2011-12-26T05:00:00Z;4.545
2011-12-26T06:00:00Z;4.465
2011-12-26T07:00:00Z;4.53
2011-12-26T08:00:00Z;5.954
2011-12-26T09:00:00Z;7.828
2011-12-26T10:00:00Z;9.49
2011-12-26T11:00:00Z;10.839
2011-12-26T12:00:00Z;11.907
2011-12-26T13:00:00Z;12.54
2011-12-26T14:00:00Z;12.546
2011-12-26T15:00:00Z;11.586
2011-12-26T16:00:00Z;9.619
2011-12-26T17:00:00Z;8.495
2011-12-26T18:00:00Z;7.963
2011-12-26T19:00:00Z;7.532
2011-12-26T20:00:00Z;7.092
2011-12-26T21:00:00Z;6.698
2011-12-26T22:00:00Z;6.282
2011-12-26T23:00:00Z;5.95
2011-12-27T00:00:00Z;5.581
2011-12-27T01:00:00Z;5.241
2011-12-27T02:00:00Z;4.95
2011-12-27T03:00:00Z;4.752
2011-12-27T04:00:00Z;4.631
2011-12-27T05:00:00Z;4.523
2011-12-27T06:00:00Z;4.446
2011-12-27T07:00:00Z;4.494
2011-12-27T08:00:00Z;6.056
2011-12-27T09:00:00Z;8.083
2011-12-27T10:00:00Z;9.77
2011-12-27T11:00:00Z;11.358
2011-12-27T12:00:00Z;12.379
2011-12-27T13:00:00Z;12.865
2011-12-27T14:00:00Z;12.838
2011-12-27T15:00:00Z;11.914
2011-12-27T16:00:00Z;9.696
2011-12-27T17:00:00Z;8.388
2011-12-27T18:00:00Z;7.791
2011-12-27T19:00:00Z;7.313
2011-12-27T20:00:00Z;6.907
2011-12-27T21:00:00Z;6.49
2011-12-27T22:00:00Z;6.076
2011-12-27T23:00:00Z;5.775
2011-12-28T00:00:00Z;5.54
2011-12-28T01:00:00Z;5.308
2011-12-28T02:00:00Z;5.052
2011-12-28T03:00:00Z;4.85
2011-12-28T04:00:00Z;4.725
2011-12-28T05:00:00Z;4.662
2011-12-28T06:00:00Z;4.648
2011-12-28T07:00:00Z;4.672
2011-12-28T08:00:00Z;6.109
2011-12-28T09:00:00Z;8.181
2011-12-28T10:00:00Z;9.978
2011-12-28T11:00:00Z;11.557
2011-12-28T12:00:00Z;12.494
2011-12-28T13:00:00Z;12.915
2011-12-28T14:00:00Z;12.834
2011-12-28T15:00:00Z;11.811
2011-12-28T16:00:00Z;9.522
2011-12-28T17:00:00Z;8.217
2011-12-28T18:00:00Z;7.634
2011-12-28T19:00:00Z;7.091
2011-12-28T20:00:00Z;6.669
2011-12-28T21:00:00Z;6.363
2011-12-28T22:00:00Z;6.112
2011-12-28T23:00:00Z;5.825
2011-12-29T00:00:00Z;5.641
2011-12-29T01:00:00Z;5.61
2011-12-29T02:00:00Z;5.519
2011-12-29T03:00:00Z;5.293
2011-12-29T04:00:00Z;5.111
2011-12-29T05:00:00Z;5.008
2011-12-29T06:00:00Z;5.013
2011-12-29T07:00:00Z;4.904
2011-12-29T08:00:00Z;6.144
2011-12-29T09:00:00Z;7.957
2011-12-29T10:00:00Z;9.559
2011-12-29T11:00:00Z;10.754
2011-12-29T12:00:00Z;11.469
2011-12-29T13:00:00Z;11.796
2011-12-29T14:00:00Z;11.675
2011-12-29T15:00:00Z;10.802
2011-12-29T16:00:00Z;8.486
2011-12-29T17:00:00Z;7.039
2011-12-29T18:00:00Z;6.651
2011-12-29T19:00:00Z;6.041
2011-12-29T20:00:00Z;5.543
2011-12-29T21:00:00Z;5.086
2011-12-29T22:00:00Z;4.666
2011-12-29T23:00:00Z;4.272
2011-12-30T00:00:00Z;3.882
2011-12-30T01:00:00Z;3.573
2011-12-30T02:00:00Z;3.348
2011-12-30T03:00:00Z;3.193
2011-12-30T04:00:00Z;3.064
2011-12-30T05:00:00Z;3.007
2011-12-30T06:00:00Z;3.011
2011-12-30T07:00:00Z;3.047
2011-12-30T08:00:00Z;4.707
2011-12-30T09:00:00Z;6.733
2011-12-30T10:00:00Z;8.792
2011-12-30T11:00:00Z;10.51
2011-12-30T12:00:00Z;11.687
2011-12-30T13:00:00Z;12.353
2011-12-30T14:00:00Z;12.439
2011-12-30T15:00:00Z;11.531
2011-12-30T16:00:00Z;9.023
2011-12-30T17:00:00Z;7.422
2011-12-30T18:00:00Z;6.771
2011-12-30T19:00:00Z;6.269
2011-12-30T20:00:00Z;5.892
2011-12-30T21:00:00Z;5.673
2011-12-30T22:00:00Z;5.554
2011-12-30T23:00:00Z;5.536
2011-12-31T00:00:00Z;5.52
2011-12-31T01:00:00Z;5.512
2011-12-31T02:00:00Z;5.538
2011-12-31T03:00:00Z;5.535
2011-12-31T04:00:00Z;5.494
2011-12-31T05:00:00Z;5.531
2011-12-31T06:00:00Z;5.599
2011-12-31T07:00:00Z;5.768
2011-12-31T08:00:00Z;7.486
2011-12-31T09:00:00Z;9.585
2011-12-31T10:00:00Z;11.455
2011-12-31T11:00:00Z;13.366
2011-12-31T12:00:00Z;14.552
2011-12-31T13:00:00Z;15.137
2011-12-31T14:00:00Z;15.123
2011-12-31T15:00:00Z;14.166
2011-12-31T16:00:00Z;12.09
2011-12-31T17:00:00Z;10.67
2011-12-31T18:00:00Z;9.949
2011-12-31T19:00:00Z;9.384
2011-12-31T20:00:00Z;8.944
2011-12-31T21:00:00Z;8.584
2011-12-31T22:00:00Z;8.293
2011-12-31T23:00:00Z;8.039
